ts,rpm,coolant_c,oil_c,iat_c,maf_kgph,vbatt_v,load_pct,thr_raw,thr2_raw,b0,b1,b2,b3,b4,b5,b6,b7,b8,b9,b10,b11,b12,b13,b14,b15,b16,b17,b18,b19,b20,b21,b22,b23,b24,b25,b26,b27,b28,b29,b30,b31
1768549252.7579849,0,21.0,17.278431260000005,42.0,0.0,11.8,56.078431372549026,0,0,18,38,160,0,0,0,0,0,0,0,87,92,82,71,176,0,0,33,164,143,161,160,120,118,128,0,128,0,0,0,0,0
1768549252.8859248,0,21.0,17.278431260000005,42.0,0.0,11.8,56.078431372549026,0,0,18,38,160,0,0,0,0,0,0,0,87,92,82,71,176,0,0,33,164,143,161,160,120,118,128,0,128,0,0,0,0,0
1768549253.0776763,0,21.0,17.278431260000005,42.0,0.0,11.8,56.47058823529412,0,0,18,38,160,0,0,0,0,0,0,0,87,92,82,71,176,0,0,32,200,144,26,160,120,118,128,0,128,0,0,0,0,0
1768549253.2699037,0,21.0,17.278431260000005,42.0,0.0,11.8,56.47058823529412,0,0,18,38,160,0,0,0,0,0,0,0,87,92,82,71,176,0,0,33,164,144,26,160,120,118,128,0,128,0,0,0,0,0
1768549253.4615495,0,21.0,17.278431260000005,42.0,0.0,11.8,56.47058823529412,0,0,18,38,160,0,0,0,0,0,0,0,87,92,82,71,176,0,0,33,164,144,26,160,120,118,128,0,128,0,0,0,0,0
1768549253.5894523,0,21.0,17.278431260000005,42.0,0.0,11.8,56.47058823529412,0,0,18,38,160,0,0,0,0,0,0,0,87,92,82,71,176,0,0,33,164,144,26,160,120,118,128,0,128,0,0,0,0,0
1768549253.7816494,0,21.0,17.278431260000005,42.0,0.0,11.8,56.47058823529412,0,0,18,38,160,0,0,0,0,0,0,0,87,92,82,71,176,0,0,33,164,144,26,160,120,118,128,0,128,0,0,0,0,0
1768549253.973376,0,21.0,17.278431260000005,42.0,0.0,11.8,56.47058823529412,0,0,18,38,160,0,0,0,0,0,0,0,87,92,82,71,176,0,0,33,164,144,26,160,120,118,128,0,128,0,0,0,0,0
1768549254.1652105,0,21.0,17.278431260000005,42.0,0.0,11.8,56.078431372549026,0,0,18,38,160,0,0,0,0,0,0,0,87,92,82,71,176,0,0,33,164,143,161,160,120,118,128,0,128,0,0,0,0,0
1768549254.2611427,0,21.0,17.278431260000005,42.0,0.0,11.8,56.47058823529412,0,0,18,38,160,0,0,0,0,0,0,0,87,92,82,71,176,0,0,33,164,144,26,160,120,118,128,0,128,0,0,0,0,0
1768549254.3570762,0,21.0,17.278431260000005,42.0,0.0,11.8,56.47058823529412,0,0,18,38,160,0,0,0,0,0,0,0,87,92,82,71,176,0,0,32,200,144,26,160,120,118,128,0,128,0,0,0,0,0
1768549254.4859715,0,21.0,17.278431260000005,42.0,0.0,11.8,56.078431372549026,0,0,18,38,160,0,0,0,0,0,0,0,87,92,82,71,176,0,0,33,164,143,161,160,120,118,128,0,128,0,0,0,0,0
1768549254.6929522,0,21.0,17.278431260000005,42.0,0.0,11.8,56.078431372549026,0,0,18,38,160,0,0,0,0,0,0,0,87,92,82,71,176,0,0,33,164,143,161,160,120,118,128,0,128,0,0,0,0,0
1768549254.8850555,0,21.0,17.278431260000005,42.0,0.0,11.8,56.078431372549026,0,0,18,38,160,0,0,0,0,0,0,0,87,92,82,71,176,0,0,33,164,143,161,160,120,118,128,0,128,0,0,0,0,0
1768549255.0931342,0,21.0,17.278431260000005,42.0,0.0,11.8,56.078431372549026,0,0,18,38,160,0,0,0,0,0,0,0,87,92,82,71,176,0,0,33,164,143,161,160,120,118,128,0,128,0,0,0,0,0
1768549255.2529085,0,21.0,17.278431260000005,42.0,0.0,11.8,56.47058823529412,0,0,18,38,160,0,0,0,0,0,0,0,87,92,82,71,176,0,0,33,164,144,26,160,120,118,128,0,128,0,0,0,0,0
1768549255.3808784,0,21.0,17.278431260000005,42.0,0.0,11.8,56.47058823529412,0,0,18,38,160,0,0,0,0,0,0,0,87,92,82,71,176,0,0,33,164,144,26,160,120,118,128,0,128,0,0,0,0,0
1768549255.5727417,0,21.0,17.278431260000005,42.0,0.0,11.8,56.47058823529412,0,0,18,38,160,0,0,0,0,0,0,0,87,92,82,71,176,0,0,33,164,144,26,160,120,118,128,0,128,0,0,0,0,0
1768549255.764714,0,21.0,17.278431260000005,42.0,0.0,11.8,56.078431372549026,0,0,18,38,160,0,0,0,0,0,0,0,87,92,82,71,176,0,0,33,164,143,161,160,120,118,128,0,128,0,0,0,0,0
1768549255.8606746,0,21.0,17.278431260000005,42.0,0.0,11.8,56.47058823529412,0,0,18,38,160,0,0,0,0,0,0,0,87,92,82,71,176,0,0,33,164,144,26,160,120,118,128,0,128,0,0,0,0,0
1768549255.9566786,0,21.0,17.278431260000005,42.0,0.0,11.8,56.47058823529412,0,0,18,38,160,0,0,0,0,0,0,0,87,92,82,71,176,0,0,32,200,144,26,160,120,118,128,0,128,0,0,0,0,0
1768549256.0846417,0,21.0,17.278431260000005,42.0,0.0,9.8,58.82352941176471,0,0,18,38,160,0,0,0,0,0,0,0,87,92,82,71,176,0,0,33,164,150,92,160,120,98,128,0,128,0,0,0,0,0
1768549256.2931235,0,21.0,17.278431260000005,42.0,0.0,10.3,58.03921568627452,0,0,18,38,160,0,0,0,0,0,0,0,87,92,82,71,176,0,0,33,164,148,30,160,120,103,128,0,128,0,0,0,0,0
1768549256.46853,251,21.0,17.278431260000005,42.0,24.8,10.7,85.88235294117648,0,3,18,38,160,0,251,0,0,3,0,248,87,92,82,71,179,27,138,33,164,219,245,160,120,107,128,0,128,0,0,0,0,0
1768549256.660133,1280,21.0,17.278431260000005,42.0,13.3,11.0,63.92156862745099,0,3,18,38,160,5,0,0,0,3,0,133,87,92,82,71,214,12,251,33,164,163,161,160,120,110,128,0,128,0,0,0,0,0
1768549256.7880776,1473,21.0,17.278431260000005,42.0,16.7,11.5,58.03921568627452,0,3,18,38,160,5,193,0,0,3,0,167,87,92,82,71,224,8,250,33,164,148,84,160,120,115,128,0,128,0,0,0,0,0
1768549256.979981,1516,21.0,17.278431260000005,42.0,15.7,11.6,57.254901960784316,0,0,18,38,160,5,236,0,0,0,0,157,87,92,82,71,225,6,153,33,164,146,91,160,120,116,128,0,128,0,128,128,0,0
1768549257.1718588,1481,21.0,17.278431260000005,42.0,16.2,11.6,53.72549019607843,0,0,18,38,160,5,201,0,0,0,0,162,87,92,82,71,211,5,124,15,68,137,127,160,120,116,128,0,128,0,128,128,0,0
1768549257.3637743,1493,21.0,17.278431260000005,42.0,14.0,11.6,52.54901960784314,0,0,18,38,160,5,213,0,0,0,0,140,87,92,82,71,213,4,211,11,44,134,26,160,120,116,128,0,128,0,128,128,0,0
1768549257.4597824,1474,21.0,18.07450969,42.0,14.1,11.6,53.333333333333336,0,0,18,38,160,5,194,0,0,0,0,141,86,92,83,71,214,4,202,12,244,136,242,160,120,116,128,0,128,0,128,128,0,0
1768549257.5878668,1427,21.0,18.07450969,42.0,14.1,11.6,54.117647058823536,0,0,18,38,160,5,147,0,0,0,0,141,86,92,83,71,215,4,212,16,162,138,240,160,120,116,128,0,128,0,128,128,0,0
1768549257.7796574,1290,21.0,18.07450969,42.0,15.6,11.6,59.6078431372549,0,0,18,38,160,5,10,0,0,0,0,156,86,92,83,71,218,5,104,28,102,152,248,160,120,116,128,0,128,0,128,128,0,0
1768549257.9714694,1298,21.0,18.07450969,42.0,17.5,11.6,58.43137254901961,0,0,18,38,160,5,18,0,0,0,0,175,86,92,83,71,216,6,152,21,52,149,43,160,120,116,128,0,128,0,241,128,0,0
1768549258.1633353,1313,21.0,18.07450969,42.0,17.2,11.7,56.86274509803922,0,0,18,38,160,5,33,0,0,0,0,172,86,92,83,71,216,6,110,18,54,145,231,160,120,117,128,0,128,0,241,128,0,0
1768549258.2592869,1312,21.0,18.07450969,43.5,16.5,11.6,57.254901960784316,0,0,18,38,160,5,32,0,0,0,0,165,86,92,83,71,217,6,73,16,198,146,122,158,122,116,128,0,128,0,241,128,0,0
1768549258.3871844,1312,21.0,18.07450969,42.0,16.2,11.6,56.86274509803922,0,0,18,38,160,5,32,0,0,0,0,162,86,92,83,71,217,6,61,15,14,145,146,159,120,116,128,0,128,0,241,128,0,0
1768549258.579116,1291,21.0,18.07450969,43.5,16.3,11.6,56.86274509803922,0,0,18,38,160,5,11,0,0,0,0,163,86,92,83,71,217,6,45,12,140,145,1,159,122,116,128,0,128,0,241,128,0,0
1768549258.7710102,1271,21.0,18.07450969,43.5,16.4,11.6,57.254901960784316,0,0,18,38,160,4,247,0,0,0,0,164,86,92,83,71,217,6,63,11,228,146,12,159,122,116,128,0,128,0,241,128,0,0
1768549258.9628718,1265,21.0,18.07450969,42.75,16.1,11.6,64.70588235294117,0,0,18,38,160,4,241,0,0,0,0,161,86,92,83,71,218,6,239,9,220,165,92,160,121,116,128,0,128,0,241,128,0,0
1768549259.0588093,1257,21.0,18.07450969,42.75,19.3,11.6,62.74509803921569,0,0,18,38,160,4,233,0,0,0,0,193,86,92,83,71,218,6,208,9,48,160,115,160,121,116,128,0,128,0,241,128,0,0
1768549259.1867473,1269,21.0,18.07450969,42.0,18.6,11.6,59.6078431372549,0,0,18,38,160,4,245,0,0,0,0,186,86,92,83,71,220,7,85,7,152,152,20,161,120,116,128,0,128,0,241,128,0,0
1768549259.3788629,1282,21.0,18.07450969,41.25,15.8,11.7,54.90196078431373,0,0,18,38,160,5,2,0,0,0,0,158,86,92,83,71,220,5,63,4,128,140,50,161,119,117,128,0,128,0,241,128,0,0
1768549259.5708556,1231,21.0,18.07450969,42.0,15.6,11.8,56.078431372549026,0,0,18,38,160,4,207,0,0,0,0,156,86,92,83,71,219,5,24,4,106,143,230,160,120,118,128,0,128,0,241,128,0,0
1768549259.7627816,1192,21.0,18.07450969,37.5,16.4,11.9,57.64705882352941,0,0,18,38,160,4,168,0,0,0,0,164,86,92,83,71,217,5,60,4,0,147,122,150,114,119,128,0,128,0,241,128,0,0
1768549259.858675,1197,21.0,18.07450969,34.5,16.6,12.0,57.64705882352941,0,0,18,38,160,4,173,0,0,0,0,166,86,92,83,71,221,5,58,2,180,147,207,149,110,120,128,0,128,0,241,128,0,0
1768549259.9546158,1177,21.0,18.07450969,27.0,17.0,12.3,58.43137254901961,0,0,18,38,160,4,153,0,0,0,0,170,86,92,83,71,222,5,142,3,88,149,86,151,100,123,128,0,128,0,237,128,0,0
1768549260.0822217,1157,21.0,18.07450969,20.25,17.9,12.5,59.21568627450981,0,0,18,38,160,4,133,0,0,0,0,179,86,92,83,71,218,5,226,3,30,151,224,150,91,125,128,0,128,0,237,128,0,0
1768549260.290214,1142,21.0,18.07450969,24.75,18.3,13.3,60.00000000000001,0,0,18,38,160,4,118,0,0,0,0,183,86,92,83,71,222,6,123,2,174,153,42,138,97,133,128,0,128,0,237,128,0,0
1768549260.482335,1146,21.0,18.07450969,25.5,18.9,13.6,59.6078431372549,0,0,18,38,160,4,122,0,0,0,0,189,86,92,83,71,224,6,190,2,26,152,158,137,98,136,128,0,128,0,237,128,0,0
1768549260.6741023,1141,20.25,18.07450969,12.0,18.5,13.6,60.7843137254902,0,0,18,38,160,4,117,0,0,0,0,185,86,91,83,71,222,6,125,1,162,155,144,137,80,136,128,0,128,0,237,128,0,0
1768549260.8819773,1135,20.25,18.07450969,12.0,19.5,13.7,61.1764705882353,0,0,18,38,160,4,111,0,0,0,0,195,86,91,83,71,223,6,227,1,48,156,139,137,80,137,128,0,128,0,237,128,0,0
1768549261.0738616,1142,20.25,18.07450969,12.75,19.4,13.7,61.1764705882353,0,0,18,38,160,4,118,0,0,0,0,194,86,91,83,71,224,6,208,0,176,156,56,136,81,137,128,0,128,0,233,128,0,0
1768549261.2814825,1143,20.25,18.07450969,12.0,19.6,13.6,61.568627450980394,0,0,18,38,160,4,119,0,0,0,0,196,86,91,83,71,225,6,192,0,42,157,51,137,80,136,128,0,128,0,233,128,0,0
1768549261.4733138,1163,20.25,18.07450969,5.25,19.6,13.6,61.1764705882353,0,0,18,38,160,4,139,0,0,0,0,196,86,91,83,71,227,6,169,255,160,156,121,137,71,136,128,0,128,0,233,128,0,0
1768549261.6810942,1127,20.25,18.07450969,-0.75,20.0,13.6,62.352941176470594,0,0,18,38,160,4,103,0,0,0,0,200,86,91,83,71,225,6,124,255,66,159,238,136,63,136,128,0,128,0,233,128,0,0
1768549261.8733253,1107,20.25,18.07450969,3.75,20.0,13.7,61.9607843137255,0,0,18,38,160,4,83,0,0,0,0,200,86,91,83,71,225,7,177,254,220,158,175,145,69,137,128,0,128,0,233,128,0,0
1768549262.0812104,1112,20.25,18.07450969,3.75,19.8,13.6,61.9607843137255,0,0,18,38,160,4,88,0,0,0,0,198,86,91,83,71,226,7,21,254,122,158,120,145,69,136,128,0,128,0,229,128,0,0
1768549262.2727668,1111,20.25,18.07450969,4.5,19.5,13.6,62.352941176470594,0,0,18,38,160,4,87,0,0,0,0,195,86,91,83,71,226,6,225,254,14,159,141,143,70,136,128,0,128,0,229,128,0,0
1768549262.464569,1122,20.25,18.07450969,3.0,19.9,13.6,62.352941176470594,0,0,18,38,160,4,98,0,0,0,0,199,86,91,83,71,226,6,178,253,186,159,211,145,68,136,128,0,128,0,229,128,0,0
1768549262.5609195,1114,20.25,18.07450969,3.75,19.9,13.6,62.352941176470594,0,0,18,38,160,4,90,0,0,0,0,199,86,91,83,71,227,6,173,253,132,159,59,144,69,136,128,0,128,0,229,128,0,0
1768549262.6726682,1097,20.25,18.07450969,4.5,19.5,13.6,62.74509803921569,0,0,18,38,160,4,73,0,0,0,0,195,86,91,83,71,226,6,180,254,130,160,218,144,70,136,128,0,128,0,229,128,0,0
1768549262.880346,1100,20.25,18.07450969,4.5,20.2,13.7,62.74509803921569,0,0,18,38,160,4,76,0,0,0,0,202,86,91,83,71,226,6,192,254,20,160,207,144,70,137,128,0,128,0,229,128,0,0
1768549263.072108,1102,20.25,18.07450969,3.75,19.9,13.6,62.74509803921569,0,0,18,38,160,4,78,0,0,0,0,199,86,91,83,71,227,6,199,253,184,160,109,145,69,136,128,0,128,0,225,128,0,0
1768549263.2642312,1107,20.25,18.07450969,4.5,19.6,13.7,62.352941176470594,0,0,18,38,160,4,83,0,0,0,0,196,86,91,83,71,227,6,173,252,62,159,143,144,70,137,128,0,128,0,225,128,0,0
1768549263.360037,1105,20.25,18.07450969,3.75,20.0,13.6,62.74509803921569,0,0,18,38,160,4,81,0,0,0,0,200,86,91,83,71,227,6,163,253,46,160,54,144,69,136,128,0,128,0,225,128,0,0
1768549263.4563541,1100,20.25,18.07450969,3.75,19.0,13.6,62.74509803921569,0,0,18,38,160,4,76,0,0,0,0,190,86,91,83,71,226,6,150,253,14,160,54,144,69,136,128,0,128,0,225,128,0,0
1768549263.583909,1104,20.25,18.07450969,4.5,19.7,13.6,62.352941176470594,0,0,18,38,160,4,80,0,0,0,0,197,86,91,83,71,227,6,130,252,202,159,252,143,70,136,128,0,128,0,225,128,0,0
1768549263.7920148,1103,20.25,18.07450969,3.75,20.0,13.6,62.74509803921569,0,0,18,38,160,4,79,0,0,0,0,200,86,91,83,71,228,6,132,252,110,160,249,144,69,136,128,0,128,0,225,128,0,0
1768549263.951939,1102,20.25,18.07450969,3.75,20.0,13.7,62.74509803921569,0,0,18,38,160,4,78,0,0,0,0,200,86,91,83,71,228,6,131,252,18,160,193,144,69,137,128,0,128,0,221,128,0,0
1768549264.0798495,1098,20.25,18.07450969,3.75,19.4,13.7,62.74509803921569,0,0,18,38,160,4,74,0,0,0,0,194,86,91,83,71,227,6,121,251,224,160,193,144,69,137,128,0,128,0,221,128,0,0
1768549264.271693,1096,20.25,18.07450969,4.5,20.2,13.6,63.529411764705884,0,0,18,38,160,4,72,0,0,0,0,202,86,91,83,71,229,6,107,251,134,162,238,143,70,136,128,0,128,0,221,128,0,0
1768549264.4633727,1076,20.25,18.07450969,5.25,20.5,13.6,63.529411764705884,0,0,18,38,160,4,52,0,0,0,0,205,86,91,83,71,227,6,141,251,82,162,0,143,71,136,128,0,128,0,221,128,0,0
1768549264.559424,1081,20.25,18.07450969,4.5,20.2,13.6,63.529411764705884,0,0,18,38,160,4,57,0,0,0,0,202,86,91,83,71,227,6,179,251,34,162,26,143,70,136,128,0,128,0,221,128,0,0
1768549264.655412,1092,20.25,18.07450969,3.75,20.4,13.7,63.529411764705884,0,0,18,38,160,4,68,0,0,0,0,204,86,91,83,71,230,6,142,250,250,162,153,144,69,137,128,0,128,0,221,128,0,0
1768549264.7833922,1097,20.25,18.07450969,5.25,20.2,13.7,63.529411764705884,0,0,18,38,160,4,73,0,0,0,0,202,86,91,83,71,230,6,134,250,194,162,127,142,71,137,128,0,128,0,221,128,0,0
1768549264.991247,1087,20.25,18.07450969,3.75,20.0,13.7,63.529411764705884,0,0,18,38,160,4,63,0,0,0,0,200,86,91,83,71,228,6,113,250,106,162,70,144,69,137,128,0,128,0,217,128,0,0
1768549265.1511805,1090,20.25,18.07450969,5.25,19.7,13.6,63.529411764705884,0,0,18,38,160,4,66,0,0,0,0,197,86,91,83,71,229,6,50,250,12,162,15,142,71,136,128,0,128,0,217,128,0,0
1768549265.2791867,1076,20.25,18.07450969,3.75,20.1,13.6,63.92156862745099,0,0,18,38,160,4,52,0,0,0,0,201,86,91,83,71,228,6,90,249,226,163,21,143,69,136,128,0,128,0,217,128,0,0
1768549265.4713356,1078,20.25,18.07450969,5.25,20.0,13.7,63.92156862745099,0,0,18,38,160,4,54,0,0,0,0,200,86,91,83,71,228,6,107,249,156,163,20,141,71,137,128,0,128,0,217,128,0,0
1768549265.662748,1074,20.25,18.07450969,3.75,19.9,13.7,64.31372549019608,0,0,18,38,160,4,50,0,0,0,0,199,86,91,83,71,229,6,105,249,94,164,151,143,69,137,128,0,128,0,217,128,0,0
1768549265.7587166,1062,20.25,18.07450969,4.5,21.1,13.6,65.09803921568628,0,0,18,38,160,4,38,0,0,0,0,211,86,91,83,71,230,6,111,249,48,166,85,142,70,136,128,0,128,0,217,128,0,0
1768549265.886758,1063,20.25,18.07450969,4.5,21.0,13.6,65.09803921568628,0,0,18,38,160,4,39,0,0,0,0,210,86,91,83,71,230,6,197,249,6,166,29,143,70,136,128,0,128,0,217,128,0,0
1768549266.0787008,1062,20.25,18.07450969,5.25,20.9,13.7,65.09803921568628,0,0,18,38,160,4,38,0,0,0,0,209,86,91,83,71,230,6,192,248,194,166,2,142,71,137,128,0,128,0,213,128,0,0
1768549266.2705657,1068,20.25,18.07450969,4.5,20.8,13.6,64.70588235294117,0,0,18,38,160,4,44,0,0,0,0,208,86,91,83,71,230,6,174,248,110,165,175,144,70,136,128,0,128,0,213,128,0,0
1768549266.4625044,1070,20.25,18.07450969,5.25,20.9,13.7,64.70588235294117,0,0,18,38,160,4,46,0,0,0,0,209,86,91,83,71,231,6,170,248,60,165,175,143,71,137,128,0,128,0,213,128,0,0
1768549266.558464,1072,20.25,18.07450969,4.5,20.9,13.6,64.70588235294117,0,0,18,38,160,4,48,0,0,0,0,209,86,91,83,71,231,6,171,248,14,165,146,143,70,136,128,0,128,0,213,128,0,0
1768549266.6864247,1079,20.25,18.07450969,4.5,20.5,13.7,65.49019607843138,0,0,18,38,160,4,55,0,0,0,0,205,86,91,83,71,233,6,149,247,230,167,78,142,70,137,128,0,128,0,213,128,0,0
1768549266.8783355,1078,20.25,18.07450969,4.5,20.4,13.6,65.49019607843138,0,0,18,38,160,4,54,0,0,0,0,204,86,91,83,71,232,6,126,247,152,167,23,143,70,136,128,0,128,0,213,128,0,0
1768549267.0702477,1061,20.25,17.278431260000005,5.25,20.8,13.7,65.09803921568628,0,0,18,38,160,4,37,0,0,0,0,208,86,91,82,71,231,6,144,247,82,166,252,142,71,137,128,0,128,0,209,128,0,0
1768549267.2621443,1065,20.25,17.278431260000005,3.75,20.7,13.6,65.88235294117648,0,0,18,38,160,4,41,0,0,0,0,207,86,91,82,71,231,6,137,247,36,168,73,143,69,136,128,0,128,0,209,128,0,0
1768549267.3581321,1061,20.25,17.278431260000005,4.5,20.8,13.7,65.49019607843138,0,0,18,38,160,4,37,0,0,0,0,208,86,91,82,71,231,6,141,246,254,167,107,142,70,137,128,0,128,0,209,128,0,0
1768549267.486048,1063,20.25,17.278431260000005,5.25,20.5,13.7,65.09803921568628,0,0,18,38,160,4,39,0,0,0,0,205,86,91,82,71,231,6,147,246,214,166,141,143,71,137,128,0,128,0,209,128,0,0
1768549267.677954,1065,20.25,17.278431260000005,4.5,21.0,13.7,65.09803921568628,0,0,18,38,160,4,41,0,0,0,0,210,86,91,82,71,231,6,139,246,140,166,169,142,70,137,128,0,128,0,209,128,0,0
1768549267.869827,1076,20.25,17.278431260000005,4.5,20.6,13.7,65.09803921568628,0,0,18,38,160,4,52,0,0,0,0,206,86,91,82,71,232,6,135,246,64,166,85,143,70,137,128,0,128,0,209,128,0,0
1768549268.0621877,1072,20.25,17.278431260000005,6.0,21.1,13.7,65.09803921568628,0,0,18,38,160,4,48,0,0,0,0,211,86,91,82,71,232,6,146,245,254,166,58,141,72,137,128,0,128,0,205,128,0,0
1768549268.2256842,1079,20.25,17.278431260000005,4.5,20.9,13.6,65.09803921568628,0,0,18,38,160,4,55,0,0,0,0,209,86,91,82,71,232,6,138,245,212,166,30,143,70,136,128,0,128,0,205,128,0,0
1768549268.350031,1078,20.25,17.278431260000005,5.25,20.8,13.6,65.09803921568628,0,0,18,38,160,4,54,0,0,0,0,208,86,91,82,71,232,6,123,245,132,166,2,141,71,136,128,0,128,0,205,128,0,0
1768549268.4778516,1078,20.25,17.278431260000005,4.5,21.1,13.6,64.70588235294117,0,0,18,38,160,4,54,0,0,0,0,211,86,91,82,71,232,6,126,245,84,165,229,142,70,136,128,0,128,0,205,128,0,0
1768549268.670033,1083,20.25,17.278431260000005,5.25,20.8,13.7,64.70588235294117,0,0,18,38,160,4,59,0,0,0,0,208,86,91,82,71,233,6,124,245,2,165,175,142,71,137,128,0,128,0,205,128,0,0
1768549268.8618445,1082,20.25,17.278431260000005,4.5,20.6,13.7,64.70588235294117,0,0,18,38,160,4,58,0,0,0,0,206,86,91,82,71,233,6,107,244,192,165,147,143,70,137,128,0,128,0,205,128,0,0
1768549269.0259566,1081,20.25,17.278431260000005,5.25,20.6,13.6,64.70588235294117,0,0,18,38,160,4,57,0,0,0,0,206,86,91,82,71,233,6,99,244,140,165,92,142,71,136,128,0,128,0,201,128,0,0
1768549269.1495867,1091,20.25,17.278431260000005,5.25,20.0,13.7,64.70588235294117,0,0,18,38,160,4,67,0,0,0,0,200,86,91,82,71,233,6,66,244,48,165,220,142,71,137,128,0,128,0,201,128,0,0
1768549269.2932966,1085,20.25,17.278431260000005,4.5,21.0,13.7,64.70588235294117,0,0,18,38,160,4,61,0,0,0,0,210,86,91,82,71,233,6,67,243,248,165,194,142,70,137,128,0,128,0,201,128,0,0
1768549269.4533288,1078,20.25,17.278431260000005,5.25,20.7,13.7,64.31372549019608,0,0,18,38,160,4,54,0,0,0,0,207,86,91,82,71,232,6,85,243,190,164,237,142,71,137,128,0,128,0,201,128,0,0
1768549269.5812187,1075,20.25,17.278431260000005,5.25,20.6,13.7,64.31372549019608,0,0,18,38,160,4,51,0,0,0,0,206,86,91,82,71,232,6,79,243,140,164,236,141,71,137,128,0,128,0,201,128,0,0
1768549269.7891588,1073,20.25,17.278431260000005,5.25,20.6,13.7,64.31372549019608,0,0,18,38,160,4,49,0,0,0,0,206,86,91,82,71,232,6,93,243,66,164,126,143,71,137,128,0,128,0,201,128,0,0
1768549269.98122,1070,20.25,17.278431260000005,6.0,20.6,13.6,64.31372549019608,0,0,18,38,160,4,46,0,0,0,0,206,86,91,82,71,232,6,89,242,238,164,126,141,72,136,128,0,128,0,197,128,0,0
1768549270.1730385,1072,20.25,17.278431260000005,4.5,20.7,13.7,64.31372549019608,0,0,18,38,160,4,48,0,0,0,0,207,86,91,82,71,232,6,93,242,176,164,70,143,70,137,128,0,128,0,197,128,0,0
1768549270.3810065,1081,20.25,17.278431260000005,6.0,20.4,13.7,64.31372549019608,0,0,18,38,160,4,57,0,0,0,0,204,86,91,82,71,233,6,82,242,100,164,42,142,72,137,128,0,128,0,197,128,0,0
1768549270.5889044,1081,21.0,17.278431260000005,5.25,20.6,13.7,63.92156862745099,0,0,18,38,160,4,57,0,0,0,0,206,86,92,82,71,233,6,71,242,24,163,132,141,71,137,128,0,128,0,197,128,0,0
1768549270.7488937,1082,21.0,17.278431260000005,4.5,20.6,13.7,63.92156862745099,0,0,18,38,160,4,58,0,0,0,0,206,86,92,82,71,233,6,57,241,186,163,121,142,70,137,128,0,128,0,197,128,0,0
1768549270.8926315,1082,21.0,17.278431260000005,5.25,19.6,13.7,63.529411764705884,0,0,18,38,160,4,58,0,0,0,0,196,86,92,82,71,233,6,42,241,140,162,249,141,71,137,128,0,128,0,197,128,0,0
1768549271.0524147,1081,21.0,17.278431260000005,5.25,20.3,13.7,63.529411764705884,0,0,18,38,160,4,57,0,0,0,0,203,86,92,82,71,232,6,35,241,82,162,166,142,71,137,128,0,128,0,193,128,0,0
1768549271.180841,1073,21.0,17.278431260000005,4.5,20.3,13.7,63.529411764705884,0,0,18,38,160,4,49,0,0,0,0,203,86,92,82,71,231,6,24,241,36,162,166,142,70,137,128,0,128,0,193,128,0,0
1768549271.3722956,1084,21.0,17.278431260000005,5.25,20.0,13.6,63.529411764705884,0,0,18,38,160,4,60,0,0,0,0,200,86,92,82,71,232,6,21,240,208,162,111,142,71,136,128,0,128,0,193,128,0,0
1768549271.580007,1080,21.0,17.278431260000005,6.0,20.0,13.7,63.529411764705884,0,0,18,38,160,4,56,0,0,0,0,200,86,92,82,71,232,6,6,240,124,162,82,140,72,137,128,0,128,0,193,128,0,0
1768549271.772201,1065,21.0,17.278431260000005,5.25,20.1,13.7,63.529411764705884,0,0,18,38,160,4,41,0,0,0,0,201,86,92,82,71,230,6,13,240,50,162,26,142,71,137,128,0,128,0,193,128,0,0
1768549271.979845,1077,21.0,17.278431260000005,6.0,19.9,13.7,63.13725490196079,0,0,18,38,160,4,53,0,0,0,0,199,86,92,82,71,231,6,16,239,218,161,200,141,72,137,128,0,128,0,189,128,0,0
1768549272.171857,1078,21.0,17.278431260000005,6.0,19.2,13.6,63.13725490196079,0,0,18,38,160,4,54,0,0,0,0,192,86,92,82,71,231,6,5,239,140,161,172,141,72,136,128,0,128,0,189,128,0,0
1768549272.3793805,1092,21.0,17.278431260000005,4.5,20.2,13.6,62.74509803921569,0,0,18,38,160,4,68,0,0,0,0,202,86,92,82,71,233,5,249,239,42,160,248,142,70,136,128,0,128,0,189,128,0,0
1768549272.571174,1076,21.0,17.278431260000005,6.0,19.6,13.6,62.352941176470594,0,0,18,38,160,4,52,0,0,0,0,196,86,92,82,71,230,5,245,238,218,159,157,141,72,136,128,0,128,0,189,128,0,0
1768549272.7630234,1077,21.0,17.278431260000005,5.25,19.8,13.6,62.352941176470594,0,0,18,38,160,4,53,0,0,0,0,198,86,92,82,71,231,5,234,238,134,159,101,142,71,136,128,0,128,0,189,128,0,0
1768549272.8592458,1082,21.0,17.278431260000005,6.0,19.7,13.7,62.352941176470594,0,0,18,38,160,4,58,0,0,0,0,197,86,92,82,71,231,5,228,238,100,159,101,140,72,137,128,0,128,0,189,128,0,0
1768549272.9709606,1088,21.0,17.278431260000005,6.0,19.7,13.6,62.352941176470594,0,0,18,38,160,4,64,0,0,0,0,197,85,92,82,71,231,5,220,238,46,159,170,141,72,136,128,0,128,0,185,128,0,0
1768549273.162875,1077,21.0,17.278431260000005,6.0,19.6,13.7,61.9607843137255,0,0,18,38,160,4,53,0,0,0,0,196,85,92,82,71,230,5,223,237,226,158,247,140,72,137,128,0,128,0,185,128,0,0
1768549273.2589574,1069,21.0,17.278431260000005,6.0,19.7,13.7,61.9607843137255,0,0,18,38,160,4,45,0,0,0,0,197,85,92,82,71,230,5,222,237,196,158,247,141,72,137,128,0,128,0,185,128,0,0
1768549273.3867674,1074,21.0,17.278431260000005,5.25,19.4,13.7,61.9607843137255,0,0,18,38,160,4,50,0,0,0,0,194,85,92,82,71,230,5,215,237,148,158,218,141,71,137,128,0,128,0,185,128,0,0
1768549273.6442697,1070,21.0,17.278431260000005,6.0,19.5,13.7,61.9607843137255,0,0,18,38,160,4,46,0,0,0,0,195,85,92,82,71,230,5,211,237,68,158,108,141,72,137,128,0,128,0,185,128,0,0
1768549273.7706459,1084,21.0,17.278431260000005,6.0,19.8,13.7,61.9607843137255,0,0,18,38,160,4,60,0,0,0,0,198,85,92,82,71,231,5,207,236,238,158,80,141,72,137,128,0,128,0,185,128,0,0
1768549273.962464,1082,21.0,17.278431260000005,5.25,19.6,13.7,61.9607843137255,0,0,18,38,160,4,58,0,0,0,0,196,85,92,82,71,231,5,202,236,162,158,80,141,71,137,128,0,128,0,181,128,0,0
1768549274.058407,1087,21.0,17.278431260000005,5.25,19.3,13.7,61.9607843137255,0,0,18,38,160,4,63,0,0,0,0,193,85,92,82,71,231,5,192,236,122,158,53,141,71,137,128,0,128,0,181,128,0,0
1768549274.1863804,1076,21.0,17.278431260000005,6.0,18.8,13.7,61.9607843137255,0,0,18,38,160,4,52,0,0,0,0,188,85,92,82,71,230,5,171,236,82,158,25,140,72,137,128,0,128,0,181,128,0,0
1768549274.3783123,1071,21.0,17.278431260000005,6.0,19.0,13.7,61.568627450980394,0,0,18,38,160,4,47,0,0,0,0,190,85,92,82,71,230,5,182,236,0,157,225,141,72,137,128,0,128,0,181,128,0,0
1768549274.5702577,1069,21.0,17.278431260000005,6.75,19.4,13.7,61.568627450980394,0,0,18,38,160,4,45,0,0,0,0,194,85,92,82,71,230,5,187,235,174,157,169,140,73,137,128,0,128,0,181,128,0,0
1768549274.7621548,1072,21.0,17.278431260000005,6.75,19.4,13.7,61.9607843137255,0,0,18,38,160,4,48,0,0,0,0,194,85,92,82,71,230,5,193,235,110,158,219,139,73,137,128,0,128,0,181,128,0,0
1768549274.8580945,1070,21.0,17.278431260000005,6.75,19.5,13.7,61.9607843137255,0,0,18,38,160,4,46,0,0,0,0,195,85,92,82,71,230,5,196,235,82,158,52,140,73,137,128,0,128,0,181,128,0,0
1768549274.986311,1076,21.0,17.278431260000005,6.0,19.7,13.7,61.568627450980394,0,0,18,38,160,4,52,0,0,0,0,197,85,92,82,71,230,5,190,235,34,157,86,140,72,137,128,0,128,0,177,128,0,0
1768549275.2442596,1072,21.0,17.278431260000005,6.75,19.0,13.7,61.568627450980394,0,0,18,38,160,4,48,0,0,0,0,190,85,92,82,71,230,5,174,234,224,157,58,140,73,137,128,0,128,0,177,128,0,0
1768549275.370101,1064,21.0,17.278431260000005,6.75,19.2,13.7,61.568627450980394,0,0,18,38,160,4,40,0,0,0,0,192,85,92,82,71,229,5,161,234,146,157,3,139,73,137,128,0,128,0,177,128,0,0
1768549275.5618856,1066,21.0,17.278431260000005,6.0,19.2,13.7,61.1764705882353,0,0,18,38,160,4,42,0,0,0,0,192,85,92,82,71,230,5,167,234,72,156,231,141,72,137,128,0,128,0,177,128,0,0
1768549275.6582365,1058,21.0,17.278431260000005,6.0,19.2,13.7,61.1764705882353,0,0,18,38,160,4,34,0,0,0,0,192,85,92,82,71,229,5,169,234,44,156,203,140,72,137,128,0,128,0,177,128,0,0
1768549275.7541435,1060,21.0,17.278431260000005,6.75,19.2,13.7,61.1764705882353,0,0,18,38,160,4,36,0,0,0,0,192,85,92,82,71,229,5,173,234,4,156,203,140,73,137,128,0,128,0,177,128,0,0
1768549275.8819063,1057,21.0,17.278431260000005,6.0,19.2,13.7,61.9607843137255,0,0,18,38,160,4,33,0,0,0,0,192,85,92,82,71,228,5,168,233,220,158,80,141,72,137,128,0,128,0,177,128,0,0
1768549276.074022,1065,21.75,17.278431260000005,6.75,19.2,13.7,61.1764705882353,0,0,18,38,160,4,41,0,0,0,0,192,85,93,82,71,230,5,173,233,144,156,176,139,73,137,128,0,128,0,173,128,0,0
1768549276.2656834,1057,21.75,17.278431260000005,6.0,18.6,13.7,61.568627450980394,0,0,18,38,160,4,33,0,0,0,0,186,85,93,82,71,229,5,114,233,88,157,57,141,72,137,128,0,128,0,173,128,0,0
1768549276.4734533,1055,21.75,17.278431260000005,6.75,19.2,13.7,61.568627450980394,0,0,18,38,160,4,31,0,0,0,0,192,85,93,82,71,229,5,139,233,20,157,3,140,73,137,128,0,128,0,173,128,0,0
1768549276.6651926,1053,21.75,17.278431260000005,6.0,18.8,13.7,61.1764705882353,0,0,18,38,160,4,29,0,0,0,0,188,85,93,82,71,229,5,158,232,216,156,176,142,72,137,128,0,128,0,173,128,0,0
1768549276.9209116,1064,21.75,17.278431260000005,6.0,18.8,13.7,60.392156862745104,0,0,18,38,160,4,40,0,0,0,0,188,85,93,82,71,228,5,128,232,114,154,216,140,72,137,128,0,128,0,173,128,0,0
1768549277.0808177,1049,21.75,17.278431260000005,7.5,18.5,13.6,60.7843137254902,0,0,18,38,160,4,25,0,0,0,0,185,85,93,82,71,228,5,122,232,68,155,14,140,74,136,128,0,128,0,169,128,0,0
1768549277.2728617,1061,21.75,17.278431260000005,6.0,18.8,13.7,60.392156862745104,0,0,18,38,160,4,37,0,0,0,0,188,85,93,82,71,228,5,126,231,250,154,187,141,72,137,128,0,128,0,169,128,0,0
1768549277.46472,1055,21.75,17.278431260000005,7.5,18.6,13.6,60.392156862745104,0,0,18,38,160,4,31,0,0,0,0,186,85,93,82,71,228,5,123,231,188,154,158,139,74,136,128,0,128,0,169,128,0,0
1768549277.5607188,1059,21.75,17.278431260000005,6.0,18.8,13.7,60.392156862745104,0,0,18,38,160,4,35,0,0,0,0,188,85,93,82,71,228,5,120,231,148,154,50,141,72,137,128,0,128,0,169,128,0,0
1768549277.6567268,1044,21.75,17.278431260000005,6.0,18.4,13.7,60.392156862745104,0,0,18,38,160,4,20,0,0,0,0,184,85,93,82,71,227,5,115,231,130,154,160,140,72,137,128,0,128,0,169,128,0,0
1768549277.7524796,1064,21.75,17.278431260000005,7.5,18.6,13.7,60.392156862745104,0,0,18,38,160,4,40,0,0,0,0,186,85,93,82,71,229,5,115,231,92,154,22,138,74,137,128,0,128,0,169,128,0,0
1768549277.880319,1057,21.75,17.278431260000005,6.75,18.3,13.7,59.6078431372549,0,0,18,38,160,4,33,0,0,0,0,183,85,93,82,71,228,5,110,231,52,152,228,141,73,137,128,0,128,0,169,128,0,0
1768549278.0722275,1049,21.75,17.278431260000005,7.5,18.2,13.7,59.6078431372549,0,0,18,38,160,4,25,0,0,0,0,182,85,93,82,71,227,5,106,230,250,152,144,139,74,137,128,0,128,0,165,128,0,0
1768549278.2640138,1057,21.75,17.278431260000005,6.75,18.1,13.7,59.6078431372549,0,0,18,38,160,4,33,0,0,0,0,181,85,93,82,71,227,5,86,230,204,152,117,140,73,137,128,0,128,0,165,128,0,0
1768549278.3601413,1050,21.75,17.278431260000005,7.5,17.8,13.7,59.6078431372549,0,0,18,38,160,4,26,0,0,0,0,178,85,93,82,71,227,5,86,230,168,152,88,139,74,137,128,0,128,0,165,128,0,0
1768549278.456129,1050,21.75,17.278431260000005,7.5,17.9,13.7,59.6078431372549,0,0,18,38,160,4,26,0,0,0,0,179,85,93,82,71,227,5,84,230,144,152,62,139,74,137,128,0,128,0,165,128,0,0
1768549278.5840816,1051,21.75,17.278431260000005,6.0,18.0,13.7,59.6078431372549,0,0,18,38,160,4,27,0,0,0,0,180,85,93,82,71,227,5,78,230,110,152,62,140,72,137,128,0,128,0,165,128,0,0
1768549278.7919042,1050,21.75,17.278431260000005,7.5,18.4,13.7,59.6078431372549,0,0,18,38,160,4,26,0,0,0,0,184,85,93,82,71,227,5,81,230,48,152,6,140,74,137,128,0,128,0,165,128,0,0
1768549279.00003,1059,21.75,17.278431260000005,8.25,18.1,13.7,59.21568627450981,0,0,18,38,160,4,35,0,0,0,0,181,85,93,82,71,227,5,75,229,226,151,151,139,75,137,128,0,128,0,161,128,0,0
1768549279.175678,1044,21.75,17.278431260000005,6.75,18.1,13.7,59.21568627450981,0,0,18,38,160,4,20,0,0,0,0,181,85,93,82,71,226,5,76,229,176,151,233,140,73,137,128,0,128,0,161,128,0,0
1768549279.3678594,1053,21.75,17.278431260000005,7.5,18.4,13.7,59.21568627450981,0,0,18,38,160,4,29,0,0,0,0,184,85,93,82,71,228,5,81,229,124,151,179,138,74,137,128,0,128,0,161,128,0,0
1768549279.5594661,1047,21.75,17.278431260000005,6.75,18.5,13.7,59.21568627450981,0,0,18,38,160,4,23,0,0,0,0,185,85,93,82,71,226,5,91,229,56,151,123,140,73,137,128,0,128,0,161,128,0,0
1768549279.655362,1041,21.75,17.278431260000005,6.75,17.8,13.7,59.21568627450981,0,0,18,38,160,4,17,0,0,0,0,178,85,93,82,71,226,5,88,229,38,151,151,139,73,137,128,0,128,0,161,128,0,0
1768549279.7831652,1045,21.75,17.278431260000005,7.5,18.1,13.7,59.21568627450981,0,0,18,38,160,4,21,0,0,0,0,181,85,93,82,71,227,5,85,229,10,151,95,139,74,137,128,0,128,0,161,128,0,0
1768549279.9911225,1054,21.75,17.278431260000005,7.5,17.9,13.7,59.21568627450981,0,0,18,38,160,4,30,0,0,0,0,179,85,93,82,71,228,5,79,228,204,151,68,138,74,137,128,0,128,0,157,128,0,0
1768549280.1512177,1043,21.75,17.278431260000005,6.75,17.4,13.7,59.21568627450981,0,0,18,38,160,4,19,0,0,0,0,174,85,93,82,71,226,5,73,228,140,151,39,140,73,137,128,0,128,0,157,128,0,0
1768549280.2790332,1051,21.75,17.278431260000005,6.75,18.1,13.7,59.21568627450981,0,0,18,38,160,4,27,0,0,0,0,181,85,93,82,71,227,5,69,228,98,151,39,139,73,137,128,0,128,0,157,128,0,0
1768549280.4710763,1055,21.75,17.278431260000005,7.5,17.9,13.7,58.82352941176471,0,0,18,38,160,4,31,0,0,0,0,179,85,93,82,71,228,5,68,228,26,150,239,139,74,137,128,0,128,0,157,128,0,0
1768549280.6629996,1046,22.5,17.278431260000005,7.5,17.8,13.7,58.82352941176471,0,0,18,38,160,4,22,0,0,0,0,178,85,94,82,71,227,5,47,228,28,150,73,138,74,137,128,0,128,0,157,128,0,0
1768549280.7587187,1049,22.5,17.278431260000005,8.25,17.7,13.7,58.43137254901961,0,0,18,38,160,4,25,0,0,0,0,177,85,94,82,71,227,5,62,227,242,149,220,139,75,137,128,0,128,0,157,128,0,0
1768549280.8547785,1041,22.5,17.278431260000005,6.75,17.8,13.7,58.43137254901961,0,0,18,38,160,4,17,0,0,0,0,178,85,94,82,71,226,5,59,227,224,149,246,140,73,137,128,0,128,0,157,128,0,0
1768549280.9824047,1045,22.5,17.278431260000005,6.75,17.2,13.6,58.82352941176471,0,0,18,38,160,4,21,0,0,0,0,172,85,94,82,71,227,5,41,227,188,150,46,138,73,136,128,0,128,0,153,128,0,0
1768549281.1745858,1048,22.5,17.278431260000005,7.5,17.8,13.7,58.82352941176471,0,0,18,38,160,4,24,0,0,0,0,178,85,94,82,71,227,5,52,227,118,150,18,139,74,137,128,0,128,0,153,128,0,0
1768549281.3826845,1044,22.5,17.278431260000005,8.25,17.9,13.7,58.82352941176471,0,0,18,38,160,4,20,0,0,0,0,179,85,94,82,71,227,5,54,227,70,150,47,138,75,137,128,0,128,0,153,128,0,0
1768549281.5900824,1055,22.5,17.278431260000005,7.5,18.0,13.7,58.82352941176471,0,0,18,38,160,4,31,0,0,0,0,180,85,94,82,71,228,5,55,227,2,150,46,139,74,137,128,0,128,0,153,128,0,0
1768549281.7819421,1055,22.5,17.278431260000005,8.25,17.8,13.7,58.43137254901961,0,0,18,38,160,4,31,0,0,0,0,178,85,94,82,71,227,5,57,226,206,149,108,138,75,137,128,0,128,0,153,128,0,0
1768549281.9738684,1053,22.5,17.278431260000005,7.5,17.8,13.7,58.03921568627452,0,0,18,38,160,4,29,0,0,0,0,178,85,94,82,71,227,5,53,226,206,148,87,139,74,137,128,0,128,0,153,128,0,0
1768549282.1658182,1049,22.5,17.278431260000005,7.5,17.5,13.7,58.03921568627452,0,0,18,38,160,4,25,0,0,0,0,175,85,94,82,71,226,5,40,226,206,148,31,140,74,137,128,0,128,0,153,128,0,0
1768549282.35764,1045,22.5,17.278431260000005,9.0,17.4,13.6,58.03921568627452,0,0,18,38,160,4,21,0,0,0,0,174,85,94,82,71,226,5,37,226,206,148,31,138,76,136,128,0,128,0,153,128,0,0
1768549282.4855757,1042,22.5,17.278431260000005,7.5,17.4,13.7,58.03921568627452,0,0,18,38,160,4,18,0,0,0,0,174,85,94,82,71,225,5,26,226,206,148,113,138,74,137,128,0,128,0,153,128,0,0
1768549282.6774871,1040,22.5,17.278431260000005,9.0,17.4,13.7,58.03921568627452,0,0,18,38,160,4,16,0,0,0,0,174,85,94,82,70,225,5,25,226,206,148,113,137,76,137,128,0,128,0,153,128,0,0
1768549282.9352841,1038,22.5,17.278431260000005,7.5,17.4,13.7,58.03921568627452,0,0,18,38,160,4,14,0,0,0,0,174,85,94,82,70,225,5,28,226,206,148,87,139,74,137,128,0,128,0,153,128,0,0
1768549283.061266,1037,22.5,17.278431260000005,9.0,17.2,13.7,58.03921568627452,0,0,18,38,160,4,13,0,0,0,0,172,85,94,82,71,225,5,26,226,206,148,31,138,76,137,128,0,128,0,153,128,0,0
1768549283.1892157,1027,22.5,17.278431260000005,7.5,17.3,13.6,58.03921568627452,0,0,18,38,160,4,3,0,0,0,0,173,85,94,82,71,223,5,26,226,206,148,86,139,74,136,128,0,128,0,153,128,0,0
1768549283.3811655,1041,22.5,17.278431260000005,9.0,17.5,13.7,58.03921568627452,0,0,18,38,160,4,17,0,0,0,0,175,85,94,82,71,225,5,30,226,206,148,87,137,76,137,128,0,128,0,153,128,0,0
1768549283.5730467,1049,22.5,17.278431260000005,7.5,17.1,13.7,58.03921568627452,0,0,18,38,160,4,25,0,0,0,0,171,85,94,82,70,226,5,23,226,206,148,86,139,74,137,128,0,128,0,153,128,0,0
1768549283.7648976,1044,22.5,17.278431260000005,7.5,17.3,13.7,58.03921568627452,0,0,18,38,160,4,20,0,0,0,0,173,85,94,82,70,226,5,16,226,206,148,31,138,74,137,128,0,128,0,153,128,0,0
1768549283.8608437,1042,22.5,17.278431260000005,7.5,17.5,13.7,58.03921568627452,0,0,18,38,160,4,18,0,0,0,0,175,85,94,82,70,225,5,19,226,206,148,87,139,74,137,128,0,128,0,153,128,0,0
1768549283.9896295,1028,22.5,17.278431260000005,7.5,17.3,13.6,58.03921568627452,0,0,18,38,160,4,4,0,0,0,0,173,85,94,82,70,223,5,23,226,206,148,113,138,74,136,128,0,128,0,153,128,0,0
1768549284.1806974,1034,22.5,17.278431260000005,7.5,17.4,13.7,58.03921568627452,0,0,18,38,160,4,10,0,0,0,0,174,85,94,82,70,224,5,27,226,206,148,87,139,74,137,128,0,128,0,153,128,0,0
1768549284.373038,1035,22.5,17.278431260000005,8.25,17.3,13.6,58.03921568627452,0,0,18,38,160,4,11,0,0,0,0,173,85,94,82,70,225,5,30,226,206,148,87,138,75,136,128,0,128,0,153,128,0,0
1768549284.5805588,1017,23.25,17.278431260000005,7.5,17.4,13.7,58.43137254901961,0,0,18,38,160,3,249,0,0,0,0,174,85,95,82,70,222,5,39,226,206,149,80,139,74,137,128,0,128,0,153,128,0,0
1768549284.7726176,1031,23.25,17.278431260000005,8.25,17.5,13.7,58.03921568627452,0,0,18,38,160,4,7,0,0,0,0,175,85,95,82,70,223,5,52,226,206,148,170,138,75,137,128,0,128,0,153,128,0,0
1768549284.9803607,1037,23.25,17.278431260000005,8.25,17.1,13.6,57.64705882352941,0,0,18,38,160,4,13,0,0,0,0,171,85,95,82,70,224,5,40,226,206,147,66,138,75,136,128,0,128,0,153,128,0,0
1768549285.1725223,1047,23.25,17.278431260000005,7.5,17.1,13.7,56.86274509803922,0,0,18,38,160,4,23,0,0,0,0,171,85,95,82,70,225,5,16,226,206,145,217,139,74,137,128,0,128,0,153,128,0,0
1768549285.3800929,1039,23.25,17.278431260000005,8.25,16.6,13.7,56.86274509803922,0,0,18,38,160,4,15,0,0,0,0,166,85,95,82,70,225,4,188,226,206,145,243,137,75,137,128,0,128,0,153,128,0,0
1768549285.572083,1038,23.25,17.278431260000005,7.5,16.7,13.7,56.86274509803922,0,0,18,38,160,4,14,0,0,0,0,167,85,95,82,70,225,4,247,226,206,145,243,138,74,137,128,0,128,0,153,128,0,0
1768549285.7801554,1041,23.25,17.278431260000005,8.25,17.0,13.7,56.86274509803922,0,0,18,38,160,4,17,0,0,0,0,170,85,95,82,70,224,4,247,226,206,145,217,138,75,137,128,0,128,0,153,128,0,0
1768549285.987955,1035,23.25,17.278431260000005,8.25,16.8,13.6,56.86274509803922,0,0,18,38,160,4,11,0,0,0,0,168,85,95,82,70,224,4,245,226,206,145,243,137,75,136,128,0,128,0,153,128,0,0
1768549286.179747,1033,23.25,17.278431260000005,7.5,16.9,13.7,56.86274509803922,0,0,18,38,160,4,9,0,0,0,0,169,85,95,82,70,223,4,248,226,206,145,217,139,74,137,128,0,128,0,153,128,0,0
1768549286.3717248,1039,23.25,17.278431260000005,9.0,17.0,13.7,56.86274509803922,0,0,18,38,160,4,15,0,0,0,0,170,85,95,82,70,224,4,250,226,206,145,217,138,76,137,128,0,128,0,153,128,0,0
1768549286.5792215,1032,23.25,17.278431260000005,8.25,17.0,13.7,56.86274509803922,0,0,18,38,160,4,8,0,0,0,0,170,85,95,82,70,223,4,249,226,206,145,217,138,75,137,128,0,128,0,153,128,0,0
1768549286.7713,1042,23.25,17.278431260000005,8.25,16.9,13.7,56.86274509803922,0,0,18,38,160,4,18,0,0,0,0,169,85,95,82,70,225,4,247,226,206,145,217,138,75,137,128,0,128,0,153,128,0,0
1768549286.9631832,1024,23.25,17.278431260000005,8.25,16.8,13.6,56.86274509803922,0,0,18,38,160,4,0,0,0,0,0,168,85,95,82,70,222,4,238,226,206,145,243,137,75,136,128,0,128,0,153,128,0,0
1768549287.0590599,1038,23.25,17.278431260000005,9.75,16.9,13.7,56.86274509803922,0,0,18,38,160,4,14,0,0,0,0,169,85,95,82,70,224,4,243,226,206,145,217,137,77,137,128,0,128,0,153,128,0,0
1768549287.1549778,1036,23.25,17.278431260000005,8.25,17.0,13.7,56.86274509803922,0,0,18,38,160,4,12,0,0,0,0,170,85,95,82,70,224,4,244,226,206,145,216,138,75,137,128,0,128,0,153,128,0,0
1768549287.2827673,1029,23.25,17.278431260000005,8.25,16.8,13.7,56.86274509803922,0,0,18,38,160,4,5,0,0,0,0,168,85,95,82,70,223,4,246,226,206,145,217,138,75,137,128,0,128,0,153,128,0,0
1768549287.4908886,1020,23.25,17.278431260000005,8.25,17.0,13.7,57.64705882352941,0,0,18,38,160,3,252,0,0,0,0,170,85,95,82,70,222,5,5,226,206,147,92,138,75,137,128,0,128,0,153,128,0,0
1768549287.6508927,1016,23.25,17.278431260000005,9.0,17.4,13.7,57.64705882352941,0,0,18,38,160,3,248,0,0,0,0,174,85,95,82,70,222,5,16,226,206,147,175,137,76,137,128,0,128,0,153,128,0,0
1768549287.7786043,1034,23.25,17.278431260000005,9.0,17.0,13.7,57.64705882352941,0,0,18,38,160,4,10,0,0,0,0,170,85,95,82,70,223,5,25,226,206,147,121,137,76,137,128,0,128,0,153,128,0,0
1768549287.9710011,1037,23.25,17.278431260000005,8.25,17.1,13.7,57.254901960784316,0,0,18,38,160,4,13,0,0,0,0,171,85,95,82,70,224,5,19,226,206,146,44,138,75,137,128,0,128,0,153,128,0,0
1768549288.1629999,1040,23.25,17.278431260000005,9.0,16.8,13.7,56.86274509803922,0,0,18,38,160,4,16,0,0,0,0,168,85,95,82,70,224,5,5,226,206,145,217,137,76,137,128,0,128,0,153,128,0,0
1768549288.2578893,1031,23.25,17.278431260000005,0.75,16.7,13.7,57.254901960784316,0,0,18,38,160,4,7,0,0,0,0,167,85,95,82,70,223,4,212,226,206,146,237,138,65,137,128,0,128,0,153,128,0,0
1768549288.386062,990,23.25,17.278431260000005,-0.75,17.1,13.7,58.03921568627452,0,0,18,38,160,3,222,0,0,0,0,171,85,95,82,70,218,4,224,226,206,148,224,137,63,137,128,0,128,0,153,128,0,0
1768549288.57811,999,24.0,17.278431260000005,5.25,17.3,13.7,57.254901960784316,0,0,18,38,160,3,231,0,0,0,0,173,85,96,82,70,220,5,231,226,206,146,210,138,71,137,128,0,128,0,153,128,0,0
1768549288.770062,1030,24.0,17.278431260000005,6.0,16.7,13.7,57.254901960784316,0,0,18,38,160,4,6,0,0,0,0,167,85,96,82,70,222,5,41,226,206,146,72,137,72,137,128,0,128,0,153,128,0,0
1768549288.9618683,1033,24.0,17.278431260000005,6.0,16.7,13.7,56.47058823529412,0,0,18,38,160,4,9,0,0,0,0,167,85,96,82,70,222,4,243,226,206,144,251,137,72,137,128,0,128,0,153,128,0,0
1768549289.057962,1036,24.0,17.278431260000005,6.75,16.6,13.7,56.47058823529412,0,0,18,38,160,4,12,0,0,0,0,166,85,96,82,70,224,4,234,226,206,144,49,136,73,137,128,0,128,0,153,128,0,0
1768549289.1536615,1031,24.0,17.278431260000005,6.0,16.4,13.8,56.078431372549026,0,0,18,38,160,4,7,0,0,0,0,164,85,96,82,70,222,4,229,226,206,143,187,137,72,138,128,0,128,0,153,128,0,0
1768549289.2815895,1035,24.0,17.278431260000005,6.0,16.4,13.7,56.078431372549026,0,0,18,38,160,4,11,0,0,0,0,164,85,96,82,70,223,4,217,226,206,143,157,137,72,137,128,0,128,0,153,128,0,0
1768549289.4895618,1038,24.0,17.278431260000005,6.75,16.6,13.7,56.078431372549026,0,0,18,38,160,4,14,0,0,0,0,166,85,96,82,70,224,4,217,226,206,143,157,137,73,137,128,0,128,0,153,128,0,0
1768549289.6495554,1033,24.0,17.278431260000005,6.0,16.6,13.7,56.47058823529412,0,0,18,38,160,4,9,0,0,0,0,166,85,96,82,70,222,4,215,226,206,144,166,137,72,137,128,0,128,0,153,128,0,0
1768549289.7932851,1038,24.0,17.278431260000005,6.75,16.3,13.7,56.078431372549026,0,0,18,38,160,4,14,0,0,0,0,163,85,96,82,70,224,4,219,226,206,143,157,137,73,137,128,0,128,0,153,128,0,0
1768549289.9532335,1029,24.0,17.278431260000005,6.0,16.3,13.7,56.078431372549026,0,0,18,38,160,4,5,0,0,0,0,163,85,96,82,70,222,4,205,226,206,143,185,137,72,137,128,0,128,0,153,128,0,0
1768549290.0810804,1012,24.0,17.278431260000005,6.75,16.2,13.7,56.47058823529412,0,0,18,38,160,3,244,0,0,0,0,162,85,96,82,70,221,4,212,226,206,144,222,136,73,137,128,0,128,0,153,128,0,0
1768549290.2888403,1017,24.0,17.278431260000005,6.0,16.5,13.7,56.47058823529412,0,0,18,38,160,3,249,0,0,0,0,165,85,96,82,70,222,4,227,226,206,144,195,137,72,137,128,0,128,0,153,128,0,0
1768549290.4809506,1018,24.0,17.278431260000005,6.75,16.6,13.7,58.03921568627452,0,0,18,38,160,3,250,0,0,0,0,166,85,96,82,70,222,4,236,226,206,148,45,137,73,137,128,0,128,0,153,128,0,0
1768549290.67242,1016,24.0,17.278431260000005,6.0,18.6,13.8,56.86274509803922,4,0,18,38,160,3,248,0,4,0,0,186,85,96,82,70,218,8,54,227,168,145,85,137,72,138,128,0,128,0,153,128,0,0
1768549290.864245,1161,24.0,17.278431260000005,6.0,17.4,13.8,60.00000000000001,8,0,18,38,160,4,137,0,8,0,0,174,85,96,82,70,198,5,66,231,20,153,14,138,72,138,128,0,128,0,153,128,0,0
1768549290.9601269,1272,24.0,17.278431260000005,6.0,18.8,13.7,59.21568627450981,10,0,18,38,160,4,248,0,10,0,0,188,85,96,82,70,187,5,49,233,166,151,96,149,72,137,128,0,128,0,153,128,0,0
1768549291.0880976,1462,24.0,17.278431260000005,6.75,17.5,13.7,56.078431372549026,11,0,18,38,160,5,182,0,11,0,0,175,85,96,82,70,175,4,188,236,54,143,249,149,73,137,128,0,128,0,153,128,0,0
1768549291.279929,1626,24.0,17.278431260000005,-6.0,13.7,13.7,50.196078431372555,0,0,18,38,160,6,90,0,0,0,0,137,85,96,82,70,178,3,21,240,126,128,38,148,56,137,128,0,128,0,153,128,0,0
1768549291.4718604,1603,24.0,17.278431260000005,-6.75,12.7,13.6,53.333333333333336,5,0,18,38,160,6,67,0,5,0,0,127,84,96,82,70,174,2,233,244,196,136,171,149,55,136,128,0,128,0,153,128,0,0
1768549291.6637118,1615,24.0,17.278431260000005,2.25,25.2,13.8,81.9607843137255,29,2,18,38,160,6,79,0,29,2,0,252,84,96,82,70,159,4,161,248,48,209,151,148,67,138,128,0,128,0,153,128,0,0
1768549291.759626,1690,24.0,17.278431260000005,2.25,32.3,13.7,86.27450980392157,31,5,18,38,160,6,154,0,31,5,1,67,84,96,82,70,163,5,207,250,194,220,247,138,67,137,128,0,128,0,153,128,0,0
1768549291.8875265,1854,24.0,17.278431260000005,3.0,24.1,13.7,51.372549019607845,0,0,18,38,160,7,62,0,0,0,0,241,84,96,82,70,166,5,34,253,82,131,5,133,68,137,128,0,128,0,153,128,0,0
1768549292.079438,1842,24.75,17.278431260000005,-8.25,13.2,13.7,49.80392156862745,0,0,18,38,160,7,50,0,0,0,0,132,84,97,82,70,168,3,8,1,118,127,247,144,53,137,128,0,128,0,153,128,0,0
1768549292.2713218,1699,24.75,17.278431260000005,2.25,12.9,13.7,50.58823529411765,2,0,18,38,160,6,163,0,2,0,0,129,84,97,82,70,170,3,9,1,118,129,107,146,67,137,128,0,128,0,153,128,0,0
1768549292.4632401,1618,24.75,17.278431260000005,0.75,22.2,13.7,78.03921568627452,27,1,18,38,160,6,82,0,27,1,0,222,84,97,82,70,159,4,145,1,118,199,190,147,65,137,128,0,128,0,153,128,0,0
1768549292.5591688,1639,24.75,17.278431260000005,-8.25,31.5,13.7,88.62745098039217,31,6,18,38,160,6,103,0,31,6,1,59,84,97,82,70,164,5,214,1,118,226,17,135,53,137,128,0,128,0,153,128,0,0
1768549292.687086,1771,24.75,17.278431260000005,-7.5,37.8,13.7,92.94117647058825,33,8,18,38,160,6,235,0,33,8,1,122,84,97,82,70,159,7,117,1,118,237,139,131,54,137,128,0,128,0,153,128,0,0
1768549292.8789434,2057,24.75,17.278431260000005,-7.5,10.6,13.7,49.01960784313726,0,0,18,38,160,8,9,0,0,0,0,106,84,97,82,70,159,3,178,1,118,125,117,138,54,137,128,0,128,0,153,128,0,0
1768549293.0709124,1965,24.75,17.278431260000005,2.25,11.8,13.7,47.05882352941177,0,0,18,38,160,7,173,0,0,0,0,118,84,97,82,70,162,3,43,1,118,120,154,150,67,137,128,0,128,0,153,128,0,0
1768549293.2629144,1731,24.75,17.278431260000005,6.0,11.6,13.7,47.450980392156865,0,0,18,38,160,6,195,0,0,0,0,116,84,97,82,70,165,2,201,1,118,121,114,150,72,137,128,0,128,0,153,128,0,0
1768549293.3589456,1617,24.75,17.278431260000005,5.25,11.5,13.7,47.84313725490196,0,0,18,38,160,6,81,0,0,0,0,115,84,97,82,70,166,2,142,1,118,122,14,151,71,137,128,0,128,0,153,128,0,0
1768549293.4550288,1556,24.75,17.278431260000005,6.75,11.9,13.7,47.84313725490196,0,0,18,38,160,6,20,0,0,0,0,119,84,97,82,70,167,2,186,1,118,122,117,149,73,137,128,0,128,0,153,128,0,0
1768549293.582912,1412,24.75,17.278431260000005,5.25,12.4,13.7,51.372549019607845,0,0,18,38,160,5,132,0,0,0,0,124,84,97,82,70,231,1,185,244,170,131,103,151,71,137,128,0,128,0,153,128,0,0
1768549293.791058,1147,24.75,17.278431260000005,5.25,18.5,13.7,62.352941176470594,0,0,18,38,160,4,123,0,0,0,0,185,84,97,82,70,210,5,8,5,46,159,99,135,71,137,128,0,128,0,153,128,0,0
1768549293.9509661,1106,24.75,17.278431260000005,6.0,20.4,13.8,61.568627450980394,0,0,18,38,160,4,82,0,0,0,0,204,84,97,82,70,226,6,218,0,146,157,70,136,72,138,128,0,128,0,153,128,0,0
1768549294.078689,1071,24.75,17.278431260000005,5.25,19.9,13.7,61.1764705882353,0,0,18,38,160,4,47,0,0,0,0,199,84,97,82,70,224,7,69,1,140,156,63,145,71,137,128,0,128,0,153,128,0,0
1768549294.2868965,1097,24.75,17.278431260000005,6.0,19.4,13.7,60.7843137254902,0,0,18,38,160,4,73,0,0,0,0,194,84,97,82,70,227,6,164,0,2,155,247,144,72,137,128,0,128,0,153,128,0,0
1768549294.4786127,1129,24.75,17.278431260000005,5.25,18.9,13.7,60.7843137254902,0,0,18,38,160,4,105,0,0,0,0,189,85,97,82,70,228,6,57,255,134,155,173,145,71,137,128,0,128,0,153,128,0,0
1768549294.67074,1140,24.75,17.278431260000005,6.0,19.8,13.7,63.92156862745099,1,0,18,38,160,4,116,0,1,0,0,198,85,97,82,70,229,5,255,254,244,163,247,144,72,137,128,0,128,0,153,128,0,0
1768549294.8783944,1209,24.75,17.278431260000005,6.0,21.7,13.7,67.45098039215686,11,0,18,38,160,4,185,0,11,0,0,217,85,97,82,70,210,7,6,1,118,172,46,144,72,137,128,0,128,0,153,128,0,0
1768549295.070282,1495,24.75,17.278431260000005,0.75,22.0,13.7,63.529411764705884,14,0,18,38,160,5,215,0,14,0,0,220,85,97,82,70,183,5,158,1,118,162,208,144,65,137,128,0,128,0,153,128,0,0
1768549295.2783635,1781,24.75,17.278431260000005,-9.0,18.8,13.7,59.21568627450981,14,0,18,38,160,6,245,0,14,0,0,188,85,97,82,70,162,4,107,1,118,151,146,144,52,137,128,0,128,0,153,128,0,0
1768549295.4704711,1882,24.75,17.278431260000005,-9.0,17.3,13.7,53.72549019607843,9,0,18,38,160,7,90,0,9,0,0,173,85,97,82,70,158,3,121,1,118,137,125,146,52,137,128,0,128,0,153,128,0,0
1768549295.6781094,1840,24.75,17.278431260000005,-7.5,15.2,13.7,52.94117647058824,9,0,18,38,160,7,48,0,9,0,0,152,85,97,82,70,156,3,10,1,118,135,48,144,54,137,128,0,128,0,153,128,0,0
1768549295.8702996,1729,24.75,17.278431260000005,-7.5,15.0,13.7,53.72549019607843,9,0,18,38,160,6,193,0,9,0,0,150,85,97,82,70,159,2,221,1,118,137,118,144,54,137,128,0,128,0,153,128,0,0
1768549296.0780382,1637,24.75,17.278431260000005,-8.25,16.7,13.7,56.86274509803922,9,0,18,38,160,6,101,0,9,0,0,167,84,97,82,70,163,3,29,1,118,145,63,144,53,137,128,0,128,0,153,128,0,0
1768549296.2701428,1631,24.75,17.278431260000005,-8.25,17.2,13.7,56.86274509803922,10,0,18,38,160,6,95,0,10,0,0,172,84,97,82,70,164,3,104,1,118,145,129,144,53,137,128,0,128,0,153,128,0,0
1768549296.4619505,1631,24.75,17.278431260000005,-8.25,17.3,13.7,57.64705882352941,11,0,18,38,160,6,95,0,11,0,0,173,84,97,82,70,163,3,124,1,118,147,36,144,53,137,128,0,128,0,153,128,0,0
1768549296.558002,1643,25.5,17.278431260000005,-7.5,17.4,13.8,57.254901960784316,12,0,18,38,160,6,107,0,12,0,0,174,84,98,82,70,163,3,128,1,118,146,169,143,54,138,128,0,128,0,153,128,0,0
1768549296.6539526,1658,25.5,17.278431260000005,-8.25,17.3,13.7,56.86274509803922,13,0,18,38,160,6,122,0,13,0,0,173,84,98,82,70,161,3,125,1,114,145,161,144,53,137,128,0,128,0,153,128,0,0
1768549296.7816787,1680,25.5,17.278431260000005,-7.5,17.4,13.7,57.254901960784316,13,0,18,38,160,6,144,0,13,0,0,174,84,98,82,70,161,3,109,1,114,146,0,143,54,137,128,0,128,0,153,128,0,0
1768549296.9897244,1692,25.5,17.278431260000005,-7.5,17.0,13.7,56.47058823529412,13,0,18,38,160,6,156,0,13,0,0,170,84,98,82,70,160,3,88,1,114,144,21,143,54,137,128,0,128,0,153,128,0,0
1768549297.181619,1723,25.5,17.278431260000005,3.0,16.9,13.7,55.294117647058826,13,0,18,38,160,6,187,0,13,0,0,169,84,98,82,70,159,3,73,1,114,141,164,143,68,137,128,0,128,0,153,128,0,0
1768549297.3733313,1758,25.5,17.278431260000005,3.75,16.1,13.7,54.117647058823536,13,0,18,38,160,6,222,0,13,0,0,161,84,98,82,70,156,3,33,1,114,138,223,143,69,137,128,0,128,0,153,128,0,0
1768549297.581199,1768,25.5,17.278431260000005,3.75,16.3,13.8,55.294117647058826,14,0,18,38,160,6,232,0,14,0,0,163,84,98,82,70,154,3,4,1,114,141,148,143,69,138,128,0,128,0,153,128,0,0
1768549297.788963,1766,25.5,17.278431260000005,3.75,16.3,13.8,55.294117647058826,14,0,18,38,160,6,230,0,14,0,0,163,84,98,82,70,153,2,253,1,114,141,165,143,69,138,128,0,128,0,153,128,0,0
1768549297.9808538,1762,25.5,17.278431260000005,3.75,16.4,13.7,55.68627450980392,14,0,18,38,160,6,226,0,14,0,0,164,84,98,82,70,153,2,251,1,114,142,168,143,69,137,128,0,128,0,153,128,0,0
1768549298.1726053,1759,25.5,17.278431260000005,11.25,16.0,13.7,55.68627450980392,14,0,18,38,160,6,223,0,14,0,0,160,84,98,82,70,154,2,255,1,114,142,224,143,79,137,128,0,128,0,153,128,0,0
1768549298.3808453,1781,25.5,17.278431260000005,12.75,16.0,13.8,54.90196078431373,14,0,18,38,160,6,245,0,14,0,0,160,84,98,82,70,152,2,247,1,114,140,241,143,81,138,128,0,128,0,153,128,0,0
1768549298.5723953,1789,25.5,17.278431260000005,12.75,16.4,13.8,54.90196078431373,14,0,18,38,160,6,253,0,14,0,0,164,84,98,82,70,151,2,238,1,114,140,102,143,81,138,128,0,128,0,153,128,0,0
1768549298.7804625,1787,25.5,17.278431260000005,12.0,16.0,13.7,55.294117647058826,14,0,18,38,160,6,251,0,14,0,0,160,84,98,82,70,151,2,235,1,114,141,80,144,80,137,128,0,128,0,153,128,0,0
1768549298.9721756,1790,25.5,17.278431260000005,12.0,16.1,13.7,55.294117647058826,14,0,18,38,160,6,254,0,14,0,0,161,84,98,82,70,150,2,234,1,114,141,60,144,80,137,128,0,128,0,153,128,0,0
1768549299.1801062,1789,25.5,17.278431260000005,12.0,16.1,13.7,54.90196078431373,14,0,18,38,160,6,253,0,14,0,0,161,84,98,82,70,150,2,237,1,114,140,255,144,80,137,128,0,128,0,153,128,0,0
1768549299.3721225,1788,25.5,17.278431260000005,12.0,16.0,13.7,55.294117647058826,14,0,18,38,160,6,252,0,14,0,0,160,84,98,82,70,150,2,233,1,114,141,19,144,80,137,128,0,128,0,153,128,0,0
1768549299.5797498,1787,25.5,17.278431260000005,12.0,16.1,13.7,54.90196078431373,14,0,18,38,160,6,251,0,14,0,0,161,84,98,82,70,149,2,235,1,114,140,97,151,80,137,128,0,128,0,153,128,0,0
1768549299.7715921,1789,25.5,17.278431260000005,12.75,16.0,13.7,54.90196078431373,14,0,18,38,160,6,253,0,14,0,0,160,84,98,82,70,149,2,231,1,114,140,18,151,81,137,128,0,128,0,153,128,0,0
1768549299.9791396,1792,25.5,17.278431260000005,12.75,15.9,13.7,54.90196078431373,14,0,18,38,160,7,0,0,14,0,0,159,84,98,82,70,148,2,226,1,114,140,193,152,81,137,128,0,128,0,153,128,0,0
1768549300.1709988,1790,25.5,17.278431260000005,12.75,15.8,13.7,54.50980392156863,14,0,18,38,160,6,254,0,14,0,0,158,84,98,82,70,147,2,225,1,114,139,115,151,81,137,128,0,128,0,153,128,0,0
1768549300.3628695,1790,25.5,17.278431260000005,12.75,15.8,13.7,54.50980392156863,14,0,18,38,160,6,254,0,14,0,0,158,84,98,82,70,147,2,217,1,114,139,94,152,81,137,128,0,128,0,153,128,0,0
1768549300.4587536,1786,25.5,17.278431260000005,13.5,15.7,13.7,54.50980392156863,14,0,18,38,160,6,250,0,14,0,0,157,85,98,82,70,147,2,213,1,114,139,173,150,82,137,128,0,128,0,153,128,0,0
1768549300.5867019,1785,26.25,17.278431260000005,12.0,15.7,13.7,54.50980392156863,14,0,18,38,160,6,249,0,14,0,0,157,85,99,82,70,147,2,213,1,114,139,193,151,80,137,128,0,128,0,153,128,0,0
1768549300.8452864,1785,26.25,17.278431260000005,12.0,15.7,13.7,54.50980392156863,14,0,18,38,160,6,249,0,14,0,0,157,85,99,82,70,147,2,213,1,114,139,153,151,80,137,128,0,128,0,153,128,0,0
1768549300.970378,1785,26.25,17.278431260000005,12.75,15.8,13.7,54.50980392156863,14,0,18,38,160,6,249,0,14,0,0,158,85,99,82,70,147,2,213,1,114,139,153,151,81,137,128,0,128,0,153,128,0,0
1768549301.1622329,1783,26.25,17.278431260000005,12.75,15.7,13.7,54.50980392156863,14,0,18,38,160,6,247,0,14,0,0,157,85,99,82,70,147,2,212,1,114,139,135,151,81,137,128,0,128,0,153,128,0,0
1768549301.2586384,1782,26.25,17.278431260000005,14.25,15.7,13.7,54.50980392156863,14,0,18,38,160,6,246,0,14,0,0,157,85,99,82,70,147,2,214,1,114,139,173,150,83,137,128,0,128,0,153,128,0,0
1768549301.3861053,1781,26.25,17.278431260000005,12.75,16.0,13.7,54.50980392156863,14,0,18,38,160,6,245,0,14,0,0,160,85,99,82,70,147,2,219,1,114,139,193,151,81,137,128,0,128,0,153,128,0,0
1768549301.5780306,1780,26.25,17.278431260000005,13.5,16.0,13.8,54.50980392156863,14,0,18,38,160,6,244,0,14,0,0,160,85,99,82,70,147,2,222,1,114,139,193,150,82,138,128,0,128,0,153,128,0,0
1768549301.7698708,1779,26.25,17.278431260000005,13.5,15.8,13.8,54.50980392156863,14,0,18,38,160,6,243,0,14,0,0,158,85,99,82,70,147,2,220,1,114,139,175,151,82,138,128,0,128,0,153,128,0,0
1768549301.9616952,1780,26.25,17.278431260000005,13.5,15.9,13.7,54.50980392156863,14,0,18,38,160,6,244,0,14,0,0,159,85,99,82,70,147,2,224,1,114,139,155,150,82,137,128,0,128,0,153,128,0,0
1768549302.089619,1779,26.25,17.278431260000005,14.25,15.7,13.7,54.50980392156863,14,0,18,38,160,6,243,0,14,0,0,157,85,99,82,70,147,2,221,1,114,139,175,150,83,137,128,0,128,0,153,128,0,0
1768549302.28146,1780,26.25,17.278431260000005,14.25,16.0,13.7,54.50980392156863,14,0,18,38,160,6,244,0,14,0,0,160,85,99,82,70,147,2,222,1,114,139,135,151,83,137,128,0,128,0,153,128,0,0
1768549302.4738612,1779,26.25,17.278431260000005,13.5,15.9,13.7,54.50980392156863,14,0,18,38,160,6,243,0,14,0,0,159,85,99,82,70,147,2,221,1,114,139,173,150,82,137,128,0,128,0,153,128,0,0
1768549302.6817217,1781,26.25,17.278431260000005,12.75,16.0,13.7,54.50980392156863,14,0,18,38,160,6,245,0,14,0,0,160,85,99,82,71,147,2,220,1,114,139,175,151,81,137,128,0,128,0,153,128,0,0
1768549302.8893297,1784,26.25,17.278431260000005,12.75,16.0,13.7,54.50980392156863,14,0,18,38,160,6,248,0,14,0,0,160,85,99,82,71,147,2,223,1,114,139,135,151,81,137,128,0,128,0,153,128,0,0
1768549303.0814683,1785,26.25,17.278431260000005,13.5,15.7,13.7,54.50980392156863,14,0,18,38,160,6,249,0,14,0,0,157,85,99,82,70,147,2,222,1,114,139,153,151,82,137,128,0,128,0,153,128,0,0
1768549303.2893043,1781,26.25,17.278431260000005,12.75,15.9,13.7,54.50980392156863,14,0,18,38,160,6,245,0,14,0,0,159,85,99,82,70,147,2,219,1,114,139,153,151,81,137,128,0,128,0,153,128,0,0
1768549303.449176,1781,26.25,17.278431260000005,14.25,16.0,13.7,54.50980392156863,14,0,18,38,160,6,245,0,14,0,0,160,85,99,82,70,147,2,219,1,114,139,193,150,83,137,128,0,128,0,153,128,0,0
1768549303.592819,1779,26.25,17.278431260000005,14.25,15.9,13.8,54.50980392156863,14,0,18,38,160,6,243,0,14,0,0,159,85,99,82,70,147,2,221,1,114,139,232,149,83,138,128,0,128,0,153,128,0,0
1768549303.7530813,1778,26.25,17.278431260000005,14.25,16.0,13.7,54.90196078431373,14,0,18,38,160,6,242,0,14,0,0,160,85,99,82,70,148,2,224,1,114,140,16,148,83,137,128,0,128,0,153,128,0,0
1768549303.8809144,1778,26.25,17.278431260000005,12.75,16.0,13.7,54.50980392156863,14,0,18,38,160,6,242,0,14,0,0,160,85,99,82,70,148,2,227,1,114,139,254,150,81,137,128,0,128,0,153,128,0,0
1768549304.0889568,1776,26.25,17.278431260000005,13.5,15.8,13.7,54.90196078431373,14,0,18,38,160,6,240,0,14,0,0,158,85,99,82,70,148,2,225,1,114,140,56,150,82,137,128,0,128,0,153,128,0,0
1768549304.281014,1780,26.25,17.278431260000005,13.5,16.0,13.7,54.50980392156863,14,0,18,38,160,6,244,0,14,0,0,160,85,99,82,70,148,2,225,1,114,139,234,150,82,137,128,0,128,0,153,128,0,0
1768549304.4887652,1781,26.25,17.278431260000005,13.5,16.0,13.7,54.50980392156863,14,0,18,38,160,6,245,0,14,0,0,160,85,99,82,70,148,2,228,1,114,139,252,150,82,137,128,0,128,0,153,128,0,0
1768549304.680382,1786,26.25,17.278431260000005,13.5,15.9,13.8,54.50980392156863,14,0,18,38,160,6,250,0,14,0,0,159,85,99,82,70,148,2,227,1,114,139,213,150,82,138,128,0,128,0,153,128,0,0
1768549304.888266,1788,26.25,17.278431260000005,13.5,15.9,13.7,54.50980392156863,14,0,18,38,160,6,252,0,14,0,0,159,85,99,82,70,148,2,222,1,114,139,193,150,82,137,128,0,128,0,153,128,0,0
1768549305.08038,1790,26.25,17.278431260000005,13.5,15.7,13.7,54.50980392156863,14,0,18,38,160,6,254,0,14,0,0,157,85,99,82,70,148,2,215,1,114,139,173,150,82,137,128,0,128,0,153,128,0,0
1768549305.2722352,1786,26.25,17.278431260000005,13.5,15.6,13.7,54.50980392156863,14,0,18,38,160,6,250,0,14,0,0,156,85,99,82,70,148,2,213,1,114,139,193,150,82,137,128,0,128,0,153,128,0,0
1768549305.4801445,1786,26.25,17.278431260000005,14.25,15.8,13.7,54.50980392156863,14,0,18,38,160,6,250,0,14,0,0,158,85,99,82,70,148,2,212,1,114,139,193,149,83,137,128,0,128,0,153,128,0,0
1768549305.688139,1786,26.25,17.278431260000005,14.25,16.0,13.7,54.50980392156863,14,0,18,38,160,6,250,0,14,0,0,160,85,99,82,71,148,2,216,1,114,139,175,150,83,137,128,0,128,0,153,128,0,0
1768549305.88004,1788,26.25,17.278431260000005,14.25,15.9,13.7,54.50980392156863,14,0,18,38,160,6,252,0,14,0,0,159,85,99,82,71,148,2,217,1,114,139,175,149,83,137,128,0,128,0,153,128,0,0
1768549306.0719411,1785,26.25,17.278431260000005,14.25,15.7,13.7,54.50980392156863,14,0,18,38,160,6,249,0,14,0,0,157,85,99,82,71,148,2,218,1,114,139,213,149,83,137,128,0,128,0,153,128,0,0
1768549306.2799444,1785,26.25,17.278431260000005,14.25,15.7,13.7,54.50980392156863,14,0,18,38,160,6,249,0,14,0,0,157,85,99,82,71,148,2,218,1,114,139,234,149,83,137,128,0,128,0,153,128,0,0
1768549306.4718688,1784,26.25,17.278431260000005,15.0,16.0,13.8,54.50980392156863,14,0,18,38,160,6,248,0,14,0,0,160,85,99,82,71,148,2,220,1,114,139,213,148,84,138,128,0,128,0,153,128,0,0
1768549306.6794727,1786,26.25,17.278431260000005,15.0,16.0,13.8,54.50980392156863,14,0,18,38,160,6,250,0,14,0,0,160,85,99,82,71,148,2,223,1,114,139,175,148,84,138,128,0,128,0,153,128,0,0
1768549306.8713965,1786,26.25,17.278431260000005,15.0,16.0,13.8,54.50980392156863,14,0,18,38,160,6,250,0,14,0,0,160,85,99,82,71,148,2,223,1,114,139,175,148,84,138,128,0,128,0,153,128,0,0
1768549307.0794258,1786,26.25,17.278431260000005,15.0,15.9,13.7,54.50980392156863,14,0,18,38,160,6,250,0,14,0,0,159,85,99,82,71,148,2,222,1,114,139,213,149,84,137,128,0,128,0,153,128,0,0
1768549307.2711473,1781,26.25,17.278431260000005,15.0,15.7,13.7,54.50980392156863,14,0,18,38,160,6,245,0,14,0,0,157,85,99,82,71,148,2,220,1,114,139,214,148,84,137,128,0,128,0,153,128,0,0
1768549307.479102,1785,26.25,17.278431260000005,15.0,15.9,13.7,54.50980392156863,14,0,18,38,160,6,249,0,14,0,0,159,85,99,82,71,148,2,223,1,114,139,234,148,84,137,128,0,128,0,153,128,0,0
1768549307.6712537,1788,27.0,17.278431260000005,15.0,16.0,13.7,54.50980392156863,14,0,18,38,160,6,252,0,14,0,0,160,85,100,82,71,148,2,224,1,114,139,155,148,84,137,128,0,128,0,153,128,0,0
1768549307.8790069,1790,27.0,17.278431260000005,15.75,16.0,13.7,54.50980392156863,14,0,18,38,160,6,254,0,14,0,0,160,85,100,82,71,148,2,217,1,114,139,75,149,85,137,128,0,128,0,153,128,0,0
1768549308.0710375,1792,27.0,17.278431260000005,15.0,15.9,13.7,54.50980392156863,14,0,18,38,160,7,0,0,14,0,0,159,85,100,82,71,148,2,212,1,114,139,113,148,84,137,128,0,128,0,153,128,0,0
1768549308.27872,1794,27.0,17.278431260000005,15.75,15.9,13.7,54.90196078431373,14,0,18,38,160,7,2,0,14,0,0,159,85,100,82,71,148,2,210,1,114,140,112,148,85,137,128,0,128,0,153,128,0,0
1768549308.470738,1794,27.0,17.278431260000005,15.75,16.0,13.7,54.90196078431373,14,0,18,38,160,7,2,0,14,0,0,160,85,100,82,71,148,2,218,1,114,140,132,148,85,137,128,0,128,0,153,128,0,0
1768549308.6624074,1795,27.0,17.278431260000005,15.0,16.0,13.7,54.90196078431373,14,0,18,38,160,7,3,0,14,0,0,160,85,100,82,71,148,2,218,1,114,140,112,149,84,137,128,0,128,0,153,128,0,0
1768549308.7585309,1796,27.0,17.278431260000005,14.25,16.0,13.7,54.90196078431373,14,0,18,38,160,7,4,0,14,0,0,160,85,100,82,71,148,2,221,1,114,140,112,149,83,137,128,0,128,0,153,128,0,0
1768549308.8543637,1797,27.0,17.278431260000005,15.0,16.1,13.7,54.90196078431373,14,0,18,38,160,7,5,0,14,0,0,161,85,100,82,71,148,2,221,1,114,140,112,148,84,137,128,0,128,0,153,128,0,0
1768549308.982235,1795,27.0,17.278431260000005,15.75,16.0,13.7,54.90196078431373,14,0,18,38,160,7,3,0,14,0,0,160,86,100,82,71,149,2,229,1,114,140,232,148,85,137,128,0,128,0,254,128,0,0
1768549309.1899424,1799,27.0,17.278431260000005,15.75,16.0,13.7,54.90196078431373,14,0,18,38,160,7,7,0,14,0,0,160,86,100,82,71,149,2,227,1,114,140,172,148,85,137,128,0,128,0,254,128,0,0
1768549309.3818848,1802,27.0,17.278431260000005,15.75,16.0,13.7,54.90196078431373,14,0,18,38,160,7,10,0,14,0,0,160,86,100,82,71,148,2,221,1,114,140,72,148,85,137,128,0,128,0,254,128,0,0
1768549309.573819,1806,27.0,17.278431260000005,15.0,16.1,13.7,54.90196078431373,14,0,18,38,160,7,14,0,14,0,0,161,86,100,82,71,148,2,219,1,114,140,32,148,84,137,128,0,128,0,254,128,0,0
1768549309.7656305,1808,27.0,17.278431260000005,15.0,16.1,13.8,62.352941176470594,14,0,18,38,160,7,16,0,14,0,0,161,86,100,82,71,148,3,97,2,76,159,61,147,84,138,128,0,128,0,254,128,0,0
1768549309.957547,1814,27.0,18.07450969,15.75,16.8,13.7,54.90196078431373,14,0,18,38,160,7,22,0,14,0,0,168,86,100,83,71,150,3,32,2,228,140,152,148,85,137,128,0,128,0,254,128,0,0
1768549310.0854454,1816,27.0,18.07450969,14.25,16.4,13.7,54.90196078431373,14,0,18,38,160,7,24,0,14,0,0,164,86,100,83,70,150,2,248,2,228,140,152,149,83,137,128,0,128,0,254,128,0,0
1768549310.2775056,1814,27.0,18.07450969,20.25,16.4,13.7,54.90196078431373,14,0,18,38,160,7,22,0,14,0,0,164,86,100,83,70,149,2,233,2,228,140,50,149,91,137,128,0,128,0,254,128,0,0
1768549310.469178,1790,27.0,18.07450969,7.5,16.3,13.7,55.294117647058826,14,0,18,38,160,6,254,0,14,0,0,163,86,100,83,70,149,2,229,2,228,141,99,149,74,137,128,0,128,0,254,128,0,0
1768549310.6610785,1772,27.0,18.07450969,9.0,16.4,13.7,55.68627450980392,14,0,18,38,160,6,236,0,14,0,0,164,86,100,83,70,150,2,238,2,228,142,23,148,76,137,128,0,128,0,254,128,0,0
1768549310.7889822,1775,27.0,18.07450969,14.25,16.5,13.7,55.294117647058826,14,0,18,38,160,6,239,0,14,0,0,165,86,100,83,70,150,2,243,2,228,141,79,148,83,137,128,0,128,0,254,128,0,0
1768549310.9808955,1778,27.0,17.278431260000005,14.25,16.3,13.7,55.294117647058826,14,0,18,38,160,6,242,0,14,0,0,163,86,100,82,70,150,2,246,2,228,141,80,148,83,137,128,0,128,0,254,128,0,0
1768549311.1727564,1777,27.0,17.278431260000005,15.0,16.4,13.7,55.294117647058826,14,0,18,38,160,6,241,0,14,0,0,164,86,100,82,71,150,2,245,2,228,141,79,147,84,137,128,0,128,0,254,128,0,0
1768549311.3646007,1775,27.0,17.278431260000005,15.0,16.3,13.7,55.294117647058826,14,0,18,38,160,6,239,0,14,0,0,163,86,100,82,71,151,2,245,2,228,141,100,148,84,137,128,0,128,0,254,128,0,0
1768549311.4605305,1777,27.0,18.07450969,14.25,16.3,13.7,55.294117647058826,14,0,18,38,160,6,241,0,14,0,0,163,86,100,83,71,150,2,245,2,228,141,60,148,83,137,128,0,128,0,254,128,0,0
1768549311.5884182,1779,27.0,18.07450969,15.0,16.4,13.7,55.294117647058826,14,0,18,38,160,6,243,0,14,0,0,164,86,100,83,71,150,2,246,2,228,141,39,147,84,137,128,0,128,0,254,128,0,0
1768549311.7806954,1785,27.0,18.07450969,14.25,16.3,13.7,55.294117647058826,14,0,18,38,160,6,249,0,14,0,0,163,86,100,83,71,149,2,241,2,228,141,0,148,83,137,128,0,128,0,254,128,0,0
1768549311.9726799,1790,27.0,18.07450969,15.0,16.1,13.7,54.90196078431373,14,0,18,38,160,6,254,0,14,0,0,161,86,100,83,71,149,2,239,2,228,140,177,148,84,137,128,0,128,0,254,128,0,0
1768549312.1641705,1792,27.0,18.07450969,14.25,16.1,13.7,55.294117647058826,14,0,18,38,160,7,0,0,14,0,0,161,86,100,83,71,149,2,237,2,228,141,198,148,83,137,128,0,128,0,254,128,0,0
1768549312.26024,1795,27.0,18.07450969,15.0,16.4,13.7,55.294117647058826,14,0,18,38,160,7,3,0,14,0,0,164,86,100,83,71,149,2,237,2,228,141,199,147,84,137,128,0,128,0,254,128,0,0
1768549312.35625,1797,27.0,18.07450969,15.0,16.2,13.7,55.294117647058826,14,0,18,38,160,7,5,0,14,0,0,162,86,100,83,71,149,2,239,2,228,141,179,147,84,137,128,0,128,0,254,128,0,0
1768549312.4840813,1799,27.0,18.07450969,15.0,16.3,13.7,55.294117647058826,14,0,18,38,160,7,7,0,14,0,0,163,86,100,83,71,149,2,237,2,228,141,178,146,84,137,128,0,128,0,254,128,0,0
1768549312.6918204,1805,27.0,18.07450969,15.0,16.3,13.7,55.294117647058826,14,0,18,38,160,7,13,0,14,0,0,163,86,100,83,71,149,2,238,2,228,141,78,147,84,137,128,0,128,0,254,128,0,0
1768549312.884137,1807,27.0,18.07450969,15.0,16.4,13.7,55.294117647058826,14,0,18,38,160,7,15,0,14,0,0,164,86,100,83,71,149,2,235,2,228,141,78,146,84,137,128,0,128,0,254,128,0,0
1768549313.0914903,1807,27.0,18.07450969,15.0,16.1,13.7,55.294117647058826,14,0,18,38,160,7,15,0,14,0,0,161,86,100,83,71,149,2,235,2,228,141,58,147,84,137,128,0,128,0,254,128,0,0
1768549313.283854,1809,27.0,18.07450969,15.0,16.0,13.7,48.62745098039216,0,0,18,38,160,7,17,0,0,0,0,160,86,100,83,71,150,2,211,2,228,124,86,147,84,137,128,0,128,0,254,128,0,0
1768549313.4914153,1773,27.0,18.07450969,24.0,12.5,13.7,47.05882352941177,0,0,18,38,160,6,237,0,0,0,0,125,86,100,83,71,153,2,53,2,228,120,64,147,96,137,128,0,128,0,254,128,0,0
1768549313.6514995,1703,27.0,18.07450969,24.0,11.8,13.7,47.05882352941177,0,0,18,38,160,6,167,0,0,0,0,118,86,100,83,71,156,2,30,2,228,120,153,146,96,137,128,0,128,0,254,128,0,0
1768549313.7791984,1648,27.0,18.07450969,23.25,11.8,13.7,47.05882352941177,0,0,18,38,160,6,112,0,0,0,0,118,86,100,83,71,158,2,41,2,228,120,85,148,95,137,128,0,128,0,254,128,0,0
1768549313.9711223,1563,27.0,18.07450969,23.25,11.7,13.7,47.450980392156865,0,0,18,38,160,6,27,0,0,0,0,117,86,100,83,71,160,2,78,2,228,121,67,148,95,137,128,0,128,0,254,128,0,0
1768549314.1630993,1484,27.75,18.07450969,31.5,11.5,13.7,46.66666666666667,0,0,18,38,160,5,204,0,0,0,0,115,86,101,83,72,216,0,156,238,68,119,63,148,106,137,128,0,128,0,254,128,0,0
1768549314.258971,1338,27.75,18.07450969,30.75,11.6,13.7,50.58823529411765,0,0,18,38,160,5,58,0,0,0,0,116,86,101,83,72,219,2,1,3,36,129,92,147,105,137,128,0,128,0,254,128,0,0
1768549314.3549964,1190,27.75,18.07450969,32.25,13.7,13.5,54.117647058823536,0,0,18,38,160,4,166,0,0,0,0,137,86,101,83,72,209,3,34,5,174,138,249,146,107,135,128,0,128,0,254,128,0,0
1768549314.482979,1122,27.75,18.07450969,30.75,15.7,13.5,54.117647058823536,0,0,18,38,160,4,98,0,0,0,0,157,86,101,83,72,191,4,165,4,90,138,169,148,105,135,128,0,128,0,254,128,0,0
1768549314.690917,1102,27.75,18.07450969,32.25,15.1,13.7,52.94117647058824,0,0,18,38,160,4,78,0,0,0,0,151,86,101,83,72,208,4,212,1,120,135,238,146,107,137,128,0,128,0,254,128,0,0
1768549314.8509343,1125,27.75,18.07450969,30.75,15.1,13.7,53.333333333333336,0,0,18,38,160,4,101,0,0,0,0,151,86,101,83,72,209,4,156,1,10,136,136,147,105,137,128,0,128,0,254,128,0,0
1768549314.9784555,1136,27.75,18.07450969,32.25,15.1,13.7,53.333333333333336,0,0,18,38,160,4,112,0,0,0,0,151,86,101,83,72,209,4,132,0,168,136,0,146,107,137,128,0,128,0,254,128,0,0
1768549315.1705089,1161,27.75,18.07450969,30.75,15.0,13.7,53.333333333333336,0,0,18,38,160,4,137,0,0,0,0,150,86,101,83,72,211,4,70,255,188,136,26,147,105,137,128,0,128,0,254,128,0,0
1768549315.3626735,1167,27.75,18.07450969,31.5,14.8,13.7,52.94117647058824,0,0,18,38,160,4,143,0,0,0,0,148,86,101,83,72,211,4,39,254,178,135,69,147,106,137,128,0,128,0,254,128,0,0
1768549315.4584084,1170,27.75,18.07450969,31.5,14.7,13.7,52.54901960784314,0,0,18,38,160,4,146,0,0,0,0,147,86,101,83,72,211,4,15,254,40,134,232,147,106,137,128,0,128,0,254,128,0,0
1768549315.5544412,1169,27.75,18.07450969,32.25,14.7,13.7,52.54901960784314,0,0,18,38,160,4,145,0,0,0,0,147,86,101,83,73,211,4,0,253,114,134,214,146,107,137,128,0,128,0,254,128,0,0
1768549315.6823862,1168,27.75,18.07450969,31.5,14.4,13.7,52.156862745098046,0,0,18,38,160,4,144,0,0,0,0,144,86,101,83,73,211,3,233,252,170,133,249,147,106,137,128,0,128,0,254,128,0,0
1768549315.8904958,1153,27.75,18.07450969,32.25,14.5,13.7,52.156862745098046,0,0,18,38,160,4,129,0,0,0,0,145,86,101,83,73,210,3,217,251,238,133,134,146,107,137,128,0,128,0,254,128,0,0
1768549316.0503387,1144,27.75,18.07450969,31.5,14.4,13.7,51.76470588235294,0,0,18,38,160,4,120,0,0,0,0,144,86,101,83,73,209,3,212,251,102,132,170,147,106,137,128,0,128,0,254,128,0,0
1768549316.1779895,1145,27.75,18.07450969,33.0,14.2,13.6,51.76470588235294,0,0,18,38,160,4,121,0,0,0,0,142,86,101,83,73,210,3,201,251,12,132,157,146,108,136,128,0,128,0,254,128,0,0
1768549316.3703036,1128,27.75,18.07450969,31.5,13.8,13.7,51.76470588235294,0,0,18,38,160,4,104,0,0,0,0,138,86,101,83,73,207,3,190,250,132,132,103,147,106,137,128,0,128,0,254,128,0,0
1768549316.5777209,1121,27.75,18.07450969,32.25,14.1,13.7,51.372549019607845,0,0,18,38,160,4,97,0,0,0,0,141,86,101,83,73,208,3,184,250,4,131,202,147,107,137,128,0,128,0,254,128,0,0
1768549316.7711334,1117,27.75,18.07450969,32.25,13.9,13.7,51.372549019607845,0,0,18,38,160,4,93,0,0,0,0,139,86,101,83,73,208,3,182,249,130,131,19,146,107,137,128,0,128,0,254,128,0,0
1768549316.9776328,1107,27.75,18.07450969,31.5,13.8,13.7,50.98039215686275,0,0,18,38,160,4,83,0,0,0,0,138,86,101,83,73,207,3,173,249,10,130,153,147,106,137,128,0,128,0,254,128,0,0
1768549317.1696413,1105,27.75,18.07450969,32.25,13.6,13.7,50.98039215686275,0,0,18,38,160,4,81,0,0,0,0,136,86,101,83,73,207,3,153,248,146,130,100,147,107,137,128,0,128,0,254,128,0,0
1768549317.361401,1111,27.75,18.07450969,32.25,13.8,13.7,50.98039215686275,0,0,18,38,160,4,87,0,0,0,0,138,86,101,83,73,207,3,157,248,16,130,153,145,107,137,128,0,128,0,254,128,0,0
1768549317.457248,1114,27.75,18.07450969,32.25,13.8,13.7,50.98039215686275,0,0,18,38,160,4,90,0,0,0,0,138,86,101,83,73,208,3,152,247,216,130,65,146,107,137,128,0,128,0,254,128,0,0
1768549317.585358,1109,27.75,18.07450969,31.5,13.7,13.7,50.58823529411765,0,0,18,38,160,4,85,0,0,0,0,137,86,101,83,74,207,3,151,247,152,129,251,148,106,137,128,0,128,0,254,128,0,0
1768549317.776891,1106,27.75,18.07450969,32.25,13.4,13.7,50.58823529411765,0,0,18,38,160,4,82,0,0,0,0,134,86,101,83,74,207,3,145,247,32,129,168,146,107,137,128,0,128,0,254,128,0,0
1768549317.9690497,1105,27.75,18.07450969,32.25,13.6,13.7,50.58823529411765,0,0,18,38,160,4,81,0,0,0,0,136,86,101,83,74,207,3,143,246,166,129,98,146,107,137,128,0,128,0,254,128,0,0
1768549318.1606736,1092,27.75,18.07450969,31.5,13.6,13.7,50.58823529411765,0,0,18,38,160,4,68,0,0,0,0,136,86,101,83,74,205,3,144,246,66,129,36,147,106,137,128,0,128,0,254,128,0,0
